Employee_ID,First_Name,Last_Name,Age,Join_Date,Email,Phone
EMP1000,Bob,Davis,25,2021-04-02,bob.davis@example.com,-1651623197
EMP1003,Eva,Davis,25,2021-11-27,eva.davis@example.com,-3476490784
EMP1004,Frank,Williams,25,2022-01-05,frank.williams@example.com,-1586734256
EMP1005,Alice,Garcia,40,2020-06-10,alice.garcia@example.com,-5409003485
EMP1007,Bob,Jones,30,2022-07-17,bob.jones@example.com,-4134327559
EMP1008,Frank,Davis,35,2023-12-08,frank.davis@example.com,-4177656123
EMP1010,David,Williams,35,2024-07-06,david.williams@example.com,-2720634590
EMP1012,Heidi,Williams,30,2024-03-05,heidi.williams@example.com,-2429543164
EMP1014,Alice,Garcia,25,2024-06-10,alice.garcia@example.com,-1734206968
EMP1015,Grace,Jones,40,2021-05-29,grace.jones@example.com,-4215291085
EMP1016,Alice,Brown,25,2024-04-23,alice.brown@example.com,-7713334475
EMP1017,Grace,Garcia,30,2024-11-28,grace.garcia@example.com,-2639343625
EMP1019,Charlie,Williams,35,2020-01-02,charlie.williams@example.com,-7107256365
EMP1020,Bob,Miller,35,2021-05-08,bob.miller@example.com,-9411800536
EMP1021,Bob,Jones,40,2020-09-19,bob.jones@example.com,-5990048963
EMP1022,Charlie,Johnson,35,2021-03-09,charlie.johnson@example.com,-6528092427
EMP1023,David,Garcia,35,2022-02-03,david.garcia@example.com,-7572158623
EMP1024,Bob,Brown,30,2020-02-13,bob.brown@example.com,-1502745643
EMP1025,David,Miller,25,2020-04-30,david.miller@example.com,-9485625727
EMP1026,Frank,Miller,25,2023-10-02,frank.miller@example.com,-7032032073
EMP1027,Heidi,Johnson,30,2020-07-12,heidi.johnson@example.com,-2761707586
EMP1028,Grace,Garcia,40,2023-10-11,grace.garcia@example.com,-7712151341
EMP1029,Alice,Brown,40,2021-05-24,alice.brown@example.com,-2849939088
EMP1030,Charlie,Jones,40,2021-05-26,charlie.jones@example.com,-2613715040
EMP1031,Bob,Smith,25,2020-07-10,bob.smith@example.com,-6591520176
EMP1032,Charlie,Brown,40,2024-11-05,charlie.brown@example.com,-7490509758
EMP1033,Grace,Johnson,25,2021-08-07,grace.johnson@example.com,-2304501895
EMP1034,Heidi,Miller,30,2020-04-29,heidi.miller@example.com,-1642361031
EMP1035,Frank,Jones,25,2022-10-26,frank.jones@example.com,-6642147648
EMP1037,Grace,Smith,25,2023-05-02,grace.smith@example.com,-4996165925
EMP1038,Frank,Smith,35,2021-10-05,frank.smith@example.com,-6108573277
EMP1039,Eva,Williams,40,2022-07-27,eva.williams@example.com,-8147617421
EMP1040,Bob,Williams,25,2021-06-27,bob.williams@example.com,-4386490809
EMP1041,Bob,Davis,30,2022-06-16,bob.davis@example.com,-8186617944
EMP1045,Alice,Brown,25,2021-06-20,alice.brown@example.com,-61027768
EMP1047,Alice,Davis,35,2022-05-30,alice.davis@example.com,-310303722
EMP1048,Alice,Miller,35,2023-09-27,alice.miller@example.com,-6831472759
EMP1050,Charlie,Davis,40,2021-11-11,charlie.davis@example.com,-3496050165
EMP1051,David,Miller,35,2022-02-22,david.miller@example.com,-7998407677
EMP1052,David,Williams,30,2024-08-07,david.williams@example.com,-9973080694
EMP1053,Alice,Brown,30,2024-11-05,alice.brown@example.com,-8146717956
EMP1055,Eva,Brown,30,2020-08-10,eva.brown@example.com,-3959724664
EMP1056,Frank,Garcia,40,2022-02-27,frank.garcia@example.com,-7293417222
EMP1057,Alice,Smith,40,2023-11-07,alice.smith@example.com,-2971674337
EMP1058,David,Williams,35,2021-11-07,david.williams@example.com,-54522800
EMP1059,Bob,Jones,35,2022-04-16,bob.jones@example.com,-5619318373
EMP1060,Charlie,Williams,30,2023-10-19,charlie.williams@example.com,-5508428909
EMP1061,Eva,Davis,40,2021-08-10,eva.davis@example.com,-7711991807
EMP1062,Frank,Jones,40,2021-03-13,frank.jones@example.com,-1213524786
EMP1063,Charlie,Smith,25,2023-07-20,charlie.smith@example.com,-1255213759
EMP1064,David,Davis,35,2020-02-20,david.davis@example.com,-3754821455
EMP1065,Bob,Johnson,40,2021-02-02,bob.johnson@example.com,-5328632665
EMP1066,Grace,Brown,30,2020-01-12,grace.brown@example.com,-7850720810
EMP1067,Bob,Smith,40,2022-11-26,bob.smith@example.com,-5562606028
EMP1068,Bob,Brown,40,2022-12-23,bob.brown@example.com,-846684549
EMP1070,Charlie,Johnson,40,2024-09-16,charlie.johnson@example.com,-7563410855
EMP1071,Heidi,Johnson,30,2024-01-01,heidi.johnson@example.com,-2884318847
EMP1073,David,Johnson,25,2023-01-16,david.johnson@example.com,-8105485100
EMP1074,Grace,Jones,40,2024-10-20,grace.jones@example.com,-7490753997
EMP1075,Heidi,Johnson,25,2024-10-13,heidi.johnson@example.com,-9354492682
EMP1076,David,Brown,40,2022-09-21,david.brown@example.com,-1589357125
EMP1077,Grace,Brown,30,2022-12-29,grace.brown@example.com,-6110627370
EMP1078,Alice,Davis,25,2024-11-10,alice.davis@example.com,-5869886496
EMP1079,Grace,Brown,35,2021-11-22,grace.brown@example.com,-6776228276
EMP1080,Grace,Davis,35,2024-03-14,grace.davis@example.com,-2881377027
EMP1081,Frank,Brown,30,2020-03-23,frank.brown@example.com,-5196115939
EMP1082,David,Jones,25,2020-09-15,david.jones@example.com,-8215454469
EMP1083,David,Garcia,40,2020-12-09,david.garcia@example.com,-2296044326
EMP1084,Bob,Davis,30,2020-02-22,bob.davis@example.com,-185106793
EMP1085,Grace,Williams,40,2023-04-27,grace.williams@example.com,-9756792286
EMP1086,Bob,Miller,35,2024-06-18,bob.miller@example.com,-7725199662
EMP1088,Grace,Brown,40,2023-07-25,grace.brown@example.com,-4818139889
EMP1089,Charlie,Johnson,40,2023-08-25,charlie.johnson@example.com,-9837801819
EMP1090,Heidi,Garcia,40,2021-07-03,heidi.garcia@example.com,-4339718955
EMP1091,Bob,Brown,35,2023-03-13,bob.brown@example.com,-9070562607
EMP1092,Alice,Johnson,40,2021-03-10,alice.johnson@example.com,-5641118241
EMP1094,David,Miller,40,2023-11-15,david.miller@example.com,-2004615264
EMP1095,Heidi,Miller,25,2022-04-08,heidi.miller@example.com,-4610339936
EMP1096,Frank,Johnson,40,2022-05-21,frank.johnson@example.com,-8861405785
EMP1097,Frank,Brown,40,2021-04-17,frank.brown@example.com,-1706304890
EMP1100,Charlie,Davis,35,2021-08-21,charlie.davis@example.com,-794200748
EMP1101,Heidi,Johnson,25,2022-08-19,heidi.johnson@example.com,-4653984027
EMP1102,Alice,Johnson,35,2022-03-31,alice.johnson@example.com,-9141612845
EMP1103,Alice,Brown,30,2020-06-23,alice.brown@example.com,-3985547434
EMP1105,Heidi,Johnson,35,2023-03-10,heidi.johnson@example.com,-26876810
EMP1106,Bob,Miller,30,2023-09-14,bob.miller@example.com,-8071569561
EMP1107,Bob,Brown,30,2023-11-12,bob.brown@example.com,-175370303
EMP1108,David,Miller,35,2024-10-26,david.miller@example.com,-5319433749
EMP1110,Eva,Garcia,30,2024-06-11,eva.garcia@example.com,-8728399920
EMP1111,Eva,Davis,40,2021-09-14,eva.davis@example.com,-9212493842
EMP1112,Heidi,Garcia,40,2024-12-26,heidi.garcia@example.com,-894870604
EMP1113,Eva,Miller,25,2024-09-08,eva.miller@example.com,-6641877579
EMP1114,Alice,Davis,35,2022-08-21,alice.davis@example.com,-3046875062
EMP1115,Eva,Brown,30,2024-07-25,eva.brown@example.com,-5190361331
EMP1116,Frank,Smith,40,2020-08-02,frank.smith@example.com,-5411076094
EMP1117,Heidi,Miller,35,2020-03-16,heidi.miller@example.com,-4317350582
EMP1118,Frank,Garcia,25,2023-09-08,frank.garcia@example.com,-1997179109
EMP1119,Alice,Jones,30,2024-03-29,alice.jones@example.com,-651207048
EMP1120,Alice,Garcia,30,2021-08-12,alice.garcia@example.com,-6110804660
EMP1121,Bob,Jones,25,2023-12-24,bob.jones@example.com,-9639907675
EMP1122,Grace,Johnson,25,2020-08-28,grace.johnson@example.com,-9915078592
EMP1125,Bob,Garcia,35,2021-07-01,bob.garcia@example.com,-249685497
EMP1127,Frank,Smith,35,2022-07-21,frank.smith@example.com,-9203880652
EMP1129,Grace,Brown,40,2022-10-11,grace.brown@example.com,-9594652169
EMP1130,Frank,Brown,25,2022-07-24,frank.brown@example.com,-7303379336
EMP1131,Charlie,Jones,25,2023-06-30,charlie.jones@example.com,-5636205014
EMP1134,Bob,Davis,40,2024-11-22,bob.davis@example.com,-3230241025
EMP1135,Eva,Jones,25,2021-08-23,eva.jones@example.com,-1534735527
EMP1138,Eva,Davis,40,2024-07-05,eva.davis@example.com,-4253042896
EMP1139,Charlie,Smith,25,2021-09-04,charlie.smith@example.com,-3179128684
EMP1140,Eva,Garcia,40,2024-10-13,eva.garcia@example.com,-7872558776
EMP1142,Eva,Brown,25,2020-04-10,eva.brown@example.com,-6346692547
EMP1143,Eva,Garcia,30,2023-07-27,eva.garcia@example.com,-1214785389
EMP1144,Charlie,Garcia,25,2021-09-24,charlie.garcia@example.com,-7895677664
EMP1145,Frank,Davis,30,2024-03-10,frank.davis@example.com,-7546027340
EMP1147,Eva,Williams,35,2020-10-15,eva.williams@example.com,-1150835353
EMP1149,Frank,Garcia,35,2022-01-30,frank.garcia@example.com,-5669078262
EMP1151,Heidi,Williams,35,2020-10-13,heidi.williams@example.com,-1536637779
EMP1152,Heidi,Smith,25,2020-10-04,heidi.smith@example.com,-5292407552
EMP1155,David,Johnson,35,2023-01-20,david.johnson@example.com,-6186371596
EMP1156,Alice,Davis,40,2024-10-02,alice.davis@example.com,-4121820969
EMP1158,David,Smith,25,2021-03-18,david.smith@example.com,-7058025661
EMP1160,Bob,Davis,25,2024-06-05,bob.davis@example.com,-4672994937
EMP1161,Alice,Smith,30,2024-02-28,alice.smith@example.com,-7430271692
EMP1162,Bob,Garcia,40,2023-04-30,bob.garcia@example.com,-8597779013
EMP1164,Grace,Johnson,40,2023-12-29,grace.johnson@example.com,-6762916031
EMP1165,Bob,Smith,35,2020-09-15,bob.smith@example.com,-4841376814
EMP1166,Frank,Garcia,40,2022-07-18,frank.garcia@example.com,-1185672437
EMP1168,Heidi,Davis,40,2021-10-02,heidi.davis@example.com,-41257770
EMP1169,Frank,Miller,30,2020-07-05,frank.miller@example.com,-1837274219
EMP1170,Bob,Garcia,35,2023-04-16,bob.garcia@example.com,-9124186209
EMP1171,Bob,Jones,40,2024-11-12,bob.jones@example.com,-4275230836
EMP1173,Heidi,Brown,30,2022-01-22,heidi.brown@example.com,-6335331059
EMP1174,David,Garcia,40,2023-10-14,david.garcia@example.com,-531312205
EMP1175,Eva,Miller,25,2024-04-10,eva.miller@example.com,-8155839385
EMP1176,Alice,Williams,30,2022-03-31,alice.williams@example.com,-6133155205
EMP1177,Alice,Williams,25,2022-02-09,alice.williams@example.com,-5063731494
EMP1178,Frank,Smith,35,2023-05-06,frank.smith@example.com,-136497188
EMP1180,Heidi,Jones,40,2020-08-21,heidi.jones@example.com,-7150997682
EMP1182,Alice,Miller,30,2024-04-14,alice.miller@example.com,-3910257431
EMP1183,Alice,Williams,40,2020-09-21,alice.williams@example.com,-6303975244
EMP1184,Frank,Smith,25,2022-06-12,frank.smith@example.com,-864035532
EMP1186,Grace,Johnson,25,2022-07-31,grace.johnson@example.com,-171302320
EMP1187,Bob,Davis,40,2023-04-21,bob.davis@example.com,-2983381673
EMP1188,Eva,Davis,35,2020-06-05,eva.davis@example.com,-2336293448
EMP1189,David,Miller,35,2024-07-27,david.miller@example.com,-7347156626
EMP1190,Eva,Davis,30,2024-04-05,eva.davis@example.com,-7689627065
EMP1191,Heidi,Williams,40,2023-10-26,heidi.williams@example.com,-1498282466
EMP1192,Frank,Smith,35,2022-08-18,frank.smith@example.com,-4746897151
EMP1194,Alice,Davis,35,2024-11-04,alice.davis@example.com,-6656749159
EMP1195,Grace,Johnson,40,2020-03-25,grace.johnson@example.com,-1692364586
EMP1196,David,Johnson,35,2020-11-04,david.johnson@example.com,-5066337049
EMP1197,Frank,Brown,25,2020-03-21,frank.brown@example.com,-2497243991
EMP1199,Grace,Williams,35,2024-06-04,grace.williams@example.com,-2644886945
EMP1200,Frank,Davis,25,2021-08-04,frank.davis@example.com,-1195243639
EMP1201,Charlie,Garcia,35,2020-10-16,charlie.garcia@example.com,-2701168645
EMP1202,Grace,Davis,30,2021-09-26,grace.davis@example.com,-2252237280
EMP1203,Frank,Smith,30,2023-11-04,frank.smith@example.com,-7932302345
EMP1205,Heidi,Jones,30,2020-06-07,heidi.jones@example.com,-1509377099
EMP1206,Alice,Garcia,35,2022-02-10,alice.garcia@example.com,-4090138068
EMP1207,Charlie,Brown,40,2023-10-17,charlie.brown@example.com,-8477596554
EMP1208,Eva,Miller,40,2021-09-25,eva.miller@example.com,-5356690550
EMP1209,David,Jones,35,2022-08-03,david.jones@example.com,-762091842
EMP1210,Grace,Davis,30,2024-11-22,grace.davis@example.com,-5797863049
EMP1212,Charlie,Jones,35,2024-08-28,charlie.jones@example.com,-5671649327
EMP1213,David,Davis,40,2020-04-19,david.davis@example.com,-9802714871
EMP1214,Grace,Williams,25,2021-10-14,grace.williams@example.com,-7178333210
EMP1215,Frank,Jones,30,2024-08-26,frank.jones@example.com,-6025643470
EMP1216,Heidi,Brown,40,2020-02-08,heidi.brown@example.com,-2871539914
EMP1217,Grace,Jones,25,2020-09-06,grace.jones@example.com,-6686334140
EMP1218,Heidi,Garcia,25,2023-01-02,heidi.garcia@example.com,-1159319524
EMP1219,David,Davis,30,2023-06-13,david.davis@example.com,-6904098365
EMP1220,Charlie,Williams,25,2022-12-13,charlie.williams@example.com,-5528993159
EMP1221,Alice,Williams,40,2022-03-03,alice.williams@example.com,-8752437728
EMP1222,Alice,Miller,35,2024-02-10,alice.miller@example.com,-4209548148
EMP1223,Frank,Brown,30,2021-11-24,frank.brown@example.com,-7374605232
EMP1224,Heidi,Johnson,40,2020-05-09,heidi.johnson@example.com,-276420864
EMP1225,Alice,Johnson,35,2024-12-19,alice.johnson@example.com,-6756618442
EMP1227,Alice,Miller,35,2022-06-13,alice.miller@example.com,-9277423329
EMP1228,Grace,Smith,35,2022-10-15,grace.smith@example.com,-5912662014
EMP1229,Eva,Jones,25,2022-05-31,eva.jones@example.com,-7201859625
EMP1230,Eva,Miller,35,2023-09-15,eva.miller@example.com,-3013674925
EMP1231,Grace,Brown,30,2022-07-04,grace.brown@example.com,-1764750110
EMP1233,Grace,Brown,35,2020-11-23,grace.brown@example.com,-1926764920
EMP1234,Heidi,Brown,25,2024-05-13,heidi.brown@example.com,-5182606887
EMP1237,Alice,Miller,30,2023-02-24,alice.miller@example.com,-2184011844
EMP1238,Heidi,Williams,30,2022-10-02,heidi.williams@example.com,-8260340847
EMP1239,Bob,Garcia,40,2020-06-28,bob.garcia@example.com,-7297585987
EMP1240,Frank,Johnson,35,2023-01-15,frank.johnson@example.com,-3103032431
EMP1241,Charlie,Davis,30,2020-09-05,charlie.davis@example.com,-9839542960
EMP1242,David,Brown,40,2023-03-18,david.brown@example.com,-8446267145
EMP1244,Grace,Davis,40,2021-10-11,grace.davis@example.com,-2625660930
EMP1245,Frank,Miller,30,2021-01-07,frank.miller@example.com,-4181861514
EMP1246,Alice,Smith,25,2020-12-03,alice.smith@example.com,-5423401635
EMP1247,David,Smith,35,2021-05-28,david.smith@example.com,-1128497184
EMP1248,Eva,Smith,30,2022-12-28,eva.smith@example.com,-9484910255
EMP1249,Charlie,Williams,30,2023-05-24,charlie.williams@example.com,-2588967923
EMP1250,Alice,Miller,25,2024-04-28,alice.miller@example.com,-822269404
EMP1252,Eva,Brown,40,2021-09-01,eva.brown@example.com,-4683414650
EMP1253,Charlie,Jones,40,2021-02-21,charlie.jones@example.com,-1131290147
EMP1254,Frank,Smith,35,2022-11-20,frank.smith@example.com,-7068277880
EMP1255,Heidi,Williams,25,2020-10-15,heidi.williams@example.com,-6093068537
EMP1257,Frank,Miller,30,2022-08-14,frank.miller@example.com,-2850676250
EMP1258,Alice,Garcia,25,2021-05-08,alice.garcia@example.com,-5381447442
EMP1259,Alice,Williams,35,2023-10-09,alice.williams@example.com,-963480796
EMP1260,Bob,Smith,40,2022-01-19,bob.smith@example.com,-509754509
EMP1261,Grace,Miller,25,2022-01-12,grace.miller@example.com,-5265016730
EMP1263,Grace,Smith,35,2024-03-26,grace.smith@example.com,-7654562840
EMP1265,Heidi,Johnson,30,2021-11-02,heidi.johnson@example.com,-3402665022
EMP1269,David,Williams,25,2022-12-09,david.williams@example.com,-4716392822
EMP1270,Grace,Miller,30,2023-03-18,grace.miller@example.com,-4143637188
EMP1271,Alice,Garcia,40,2022-04-25,alice.garcia@example.com,-2392312603
EMP1272,Heidi,Garcia,25,2021-02-28,heidi.garcia@example.com,-3260931065
EMP1274,Frank,Smith,35,2021-05-19,frank.smith@example.com,-414545634
EMP1275,Eva,Brown,35,2023-12-14,eva.brown@example.com,-200053473
EMP1276,Eva,Smith,35,2023-01-17,eva.smith@example.com,-9162475540
EMP1277,Frank,Miller,30,2024-01-02,frank.miller@example.com,-1082555988
EMP1278,Eva,Smith,40,2021-07-09,eva.smith@example.com,-5343961128
EMP1279,Charlie,Johnson,25,2021-05-05,charlie.johnson@example.com,-1093371188
EMP1280,David,Brown,30,2021-11-07,david.brown@example.com,-5473820235
EMP1281,Charlie,Brown,25,2023-08-30,charlie.brown@example.com,-8485571616
EMP1282,Heidi,Miller,30,2023-08-15,heidi.miller@example.com,-6880294239
EMP1284,Alice,Johnson,40,2024-11-21,alice.johnson@example.com,-8686694319
EMP1285,Alice,Williams,35,2021-11-17,alice.williams@example.com,-2939087883
EMP1286,Heidi,Smith,30,2021-01-29,heidi.smith@example.com,-4344812307
EMP1287,Heidi,Jones,35,2024-02-17,heidi.jones@example.com,-3402424032
EMP1288,David,Smith,30,2024-08-20,david.smith@example.com,-8105955183
EMP1290,Grace,Smith,30,2021-09-10,grace.smith@example.com,-2408916497
EMP1291,Eva,Williams,35,2023-09-29,eva.williams@example.com,-3735439626
EMP1294,Frank,Johnson,40,2024-03-31,frank.johnson@example.com,-6931216375
EMP1295,David,Brown,30,2022-12-12,david.brown@example.com,-1820916600
EMP1297,Charlie,Davis,35,2023-10-25,charlie.davis@example.com,-1851327971
EMP1300,Alice,Smith,30,2022-05-17,alice.smith@example.com,-3036625435
EMP1301,Alice,Smith,25,2022-04-17,alice.smith@example.com,-1721314518
EMP1302,Grace,Williams,35,2022-02-08,grace.williams@example.com,-5151092267
EMP1303,Charlie,Miller,35,2022-03-15,charlie.miller@example.com,-5926249450
EMP1304,David,Johnson,25,2023-10-11,david.johnson@example.com,-4754102251
EMP1305,Grace,Jones,30,2020-11-13,grace.jones@example.com,-6771196420
EMP1306,Bob,Brown,25,2024-04-17,bob.brown@example.com,-5226557675
EMP1307,David,Johnson,30,2020-03-09,david.johnson@example.com,-9523668787
EMP1308,Alice,Garcia,30,2022-06-17,alice.garcia@example.com,-7883619688
EMP1309,Alice,Miller,30,2024-07-28,alice.miller@example.com,-3135030586
EMP1310,Frank,Garcia,30,2022-12-03,frank.garcia@example.com,-2105524727
EMP1312,Alice,Brown,35,2024-05-28,alice.brown@example.com,-6501917919
EMP1313,Grace,Davis,30,2024-03-25,grace.davis@example.com,-2521310961
EMP1314,David,Williams,35,2020-04-28,david.williams@example.com,-2728476569
EMP1315,Charlie,Garcia,40,2021-11-07,charlie.garcia@example.com,-4120092819
EMP1316,Frank,Williams,25,2020-04-15,frank.williams@example.com,-6678498435
EMP1317,Alice,Smith,25,2023-10-07,alice.smith@example.com,-2418623689
EMP1318,Frank,Davis,35,2024-02-27,frank.davis@example.com,-3628917755
EMP1319,Heidi,Miller,30,2021-02-22,heidi.miller@example.com,-6205634110
EMP1320,Frank,Garcia,35,2023-08-21,frank.garcia@example.com,-5950342810
EMP1321,Heidi,Jones,40,2024-04-08,heidi.jones@example.com,-3904383033
EMP1322,Frank,Brown,35,2024-11-04,frank.brown@example.com,-1990970050
EMP1324,David,Miller,40,2023-02-01,david.miller@example.com,-2156818208
EMP1325,Eva,Miller,40,2022-10-01,eva.miller@example.com,-6790422710
EMP1326,Frank,Williams,30,2022-09-27,frank.williams@example.com,-3322889856
EMP1328,David,Garcia,25,2021-03-23,david.garcia@example.com,-9912971023
EMP1331,Charlie,Smith,25,2021-05-08,charlie.smith@example.com,-4721970545
EMP1332,Frank,Brown,35,2022-04-11,frank.brown@example.com,-6927589550
EMP1333,David,Williams,35,2024-10-23,david.williams@example.com,-6874090379
EMP1334,Grace,Miller,40,2020-04-24,grace.miller@example.com,-2146296135
EMP1335,Bob,Garcia,40,2023-03-04,bob.garcia@example.com,-7157787111
EMP1336,Alice,Jones,30,2022-08-31,alice.jones@example.com,-1663651558
EMP1342,Heidi,Williams,40,2022-02-07,heidi.williams@example.com,-6778265959
EMP1343,Grace,Johnson,25,2023-12-31,grace.johnson@example.com,-8931992549
EMP1345,Eva,Davis,40,2020-09-28,eva.davis@example.com,-7279103367
EMP1346,Grace,Williams,25,2023-02-09,grace.williams@example.com,-2963533904
EMP1347,Frank,Brown,40,2022-03-05,frank.brown@example.com,-5044817765
EMP1349,Eva,Davis,40,2022-06-09,eva.davis@example.com,-5289286645
EMP1350,Bob,Brown,35,2023-07-04,bob.brown@example.com,-4911110960
EMP1351,Heidi,Smith,25,2022-03-21,heidi.smith@example.com,-7981789045
EMP1352,Frank,Smith,40,2023-05-02,frank.smith@example.com,-3378613714
EMP1353,David,Garcia,40,2021-10-15,david.garcia@example.com,-7660538443
EMP1356,Heidi,Johnson,30,2020-05-21,heidi.johnson@example.com,-3960962625
EMP1357,Grace,Garcia,40,2021-05-10,grace.garcia@example.com,-5826312818
EMP1358,Grace,Smith,40,2022-09-08,grace.smith@example.com,-6482531105
EMP1360,Bob,Brown,25,2021-12-28,bob.brown@example.com,-2752334382
EMP1361,Grace,Smith,35,2020-07-20,grace.smith@example.com,-6404120910
EMP1362,David,Smith,40,2024-04-30,david.smith@example.com,-7911244210
EMP1363,Charlie,Johnson,35,2021-08-28,charlie.johnson@example.com,-7536170616
EMP1364,Bob,Davis,30,2022-07-21,bob.davis@example.com,-1366572239
EMP1365,Frank,Davis,40,2023-11-27,frank.davis@example.com,-2990155798
EMP1366,Alice,Miller,25,2020-08-11,alice.miller@example.com,-8028413907
EMP1368,David,Williams,40,2023-08-04,david.williams@example.com,-2312447314
EMP1369,David,Davis,40,2020-01-10,david.davis@example.com,-8477686341
EMP1371,Eva,Garcia,40,2023-05-07,eva.garcia@example.com,-6769459195
EMP1372,Bob,Johnson,35,2020-12-19,bob.johnson@example.com,-6395517207
EMP1374,Bob,Smith,30,2022-11-12,bob.smith@example.com,-2562531354
EMP1375,Grace,Brown,40,2023-01-05,grace.brown@example.com,-2510505378
EMP1377,Alice,Smith,35,2021-02-03,alice.smith@example.com,-1849196654
EMP1378,Heidi,Johnson,40,2023-12-25,heidi.johnson@example.com,-3307704610
EMP1380,Charlie,Garcia,40,2023-01-30,charlie.garcia@example.com,-907426087
EMP1382,Grace,Brown,25,2021-09-01,grace.brown@example.com,-5618579063
EMP1383,Eva,Jones,35,2024-05-07,eva.jones@example.com,-7715910299
EMP1385,David,Garcia,25,2021-07-29,david.garcia@example.com,-40104144
EMP1386,Eva,Williams,35,2023-10-23,eva.williams@example.com,-9642297124
EMP1387,Grace,Davis,25,2023-12-07,grace.davis@example.com,-2967188396
EMP1388,Frank,Smith,30,2020-10-18,frank.smith@example.com,-7457314414
EMP1389,Grace,Smith,40,2024-06-15,grace.smith@example.com,-8331170302
EMP1390,Eva,Williams,35,2023-04-06,eva.williams@example.com,-7637153987
EMP1391,Bob,Williams,40,2022-01-03,bob.williams@example.com,-5472812355
EMP1392,Grace,Garcia,30,2021-07-03,grace.garcia@example.com,-7983631461
EMP1394,Heidi,Williams,25,2022-07-23,heidi.williams@example.com,-2407875417
EMP1395,David,Brown,30,2024-11-25,david.brown@example.com,-1563268684
EMP1396,Frank,Garcia,35,2023-08-21,frank.garcia@example.com,-745106633
EMP1397,Eva,Miller,30,2023-12-12,eva.miller@example.com,-3629489785
EMP1399,Frank,Smith,25,2022-09-05,frank.smith@example.com,-3181439665
EMP1400,Bob,Garcia,25,2020-10-07,bob.garcia@example.com,-1347323548
EMP1401,Charlie,Brown,30,2020-01-18,charlie.brown@example.com,-4012897431
EMP1402,Frank,Williams,30,2022-04-23,frank.williams@example.com,-5122572075
EMP1403,David,Smith,25,2023-04-22,david.smith@example.com,-5024120956
EMP1404,Grace,Garcia,35,2023-08-13,grace.garcia@example.com,-9073710093
EMP1405,Eva,Brown,25,2022-11-26,eva.brown@example.com,-3882211456
EMP1406,Grace,Miller,35,2022-10-10,grace.miller@example.com,-7584745704
EMP1408,Grace,Brown,35,2024-04-11,grace.brown@example.com,-6325703964
EMP1409,Bob,Miller,25,2021-06-20,bob.miller@example.com,-3136148781
EMP1411,Grace,Garcia,25,2023-06-15,grace.garcia@example.com,-9859167953
EMP1413,Bob,Smith,35,2024-09-29,bob.smith@example.com,-2474140702
EMP1414,Grace,Williams,25,2020-04-22,grace.williams@example.com,-4910740649
EMP1415,Charlie,Smith,25,2023-12-07,charlie.smith@example.com,-425488213
EMP1417,Eva,Johnson,25,2021-07-11,eva.johnson@example.com,-3666144941
EMP1418,Bob,Garcia,40,2020-04-23,bob.garcia@example.com,-9659234267
EMP1419,Frank,Miller,30,2023-10-12,frank.miller@example.com,-3441497825
EMP1420,Alice,Johnson,25,2022-08-24,alice.johnson@example.com,-6128758574
EMP1421,Charlie,Johnson,25,2023-09-04,charlie.johnson@example.com,-6766708060
EMP1422,Grace,Miller,35,2022-02-02,grace.miller@example.com,-2943985297
EMP1423,Alice,Williams,30,2022-04-01,alice.williams@example.com,-9406260786
EMP1424,Eva,Garcia,35,2022-07-24,eva.garcia@example.com,-104159148
EMP1427,Alice,Brown,35,2024-10-04,alice.brown@example.com,-3110291812
EMP1429,Eva,Brown,25,2022-04-25,eva.brown@example.com,-6723849790
EMP1431,Alice,Miller,40,2021-08-20,alice.miller@example.com,-7744197545
EMP1432,Grace,Jones,35,2021-04-23,grace.jones@example.com,-6176620470
EMP1433,Bob,Garcia,30,2022-08-12,bob.garcia@example.com,-9609409704
EMP1434,Frank,Brown,30,2021-06-26,frank.brown@example.com,-2774025882
EMP1436,Frank,Garcia,40,2021-09-04,frank.garcia@example.com,-7244617678
EMP1437,Alice,Garcia,40,2023-01-31,alice.garcia@example.com,-2988425994
EMP1438,Charlie,Davis,25,2020-09-24,charlie.davis@example.com,-9961002310
EMP1440,Heidi,Smith,30,2020-03-28,heidi.smith@example.com,-941017589
EMP1441,Grace,Garcia,40,2023-10-31,grace.garcia@example.com,-2517629832
EMP1442,Charlie,Smith,35,2020-03-11,charlie.smith@example.com,-4774332682
EMP1443,Eva,Garcia,40,2020-05-04,eva.garcia@example.com,-1901302055
EMP1444,Grace,Brown,30,2023-07-15,grace.brown@example.com,-9815287338
EMP1445,Alice,Williams,40,2023-01-20,alice.williams@example.com,-7855982175
EMP1446,Frank,Williams,40,2021-10-15,frank.williams@example.com,-6191284116
EMP1447,Eva,Miller,25,2024-04-19,eva.miller@example.com,-3098503445
EMP1448,Charlie,Davis,25,2021-06-29,charlie.davis@example.com,-5124189388
EMP1449,Alice,Miller,30,2024-09-14,alice.miller@example.com,-8469081973
EMP1453,David,Miller,25,2021-11-10,david.miller@example.com,-1078356742
EMP1454,Charlie,Jones,35,2020-05-01,charlie.jones@example.com,-3896086
EMP1455,Charlie,Williams,25,2022-02-04,charlie.williams@example.com,-662668216
EMP1456,Bob,Miller,35,2020-11-18,bob.miller@example.com,-1955356032
EMP1457,Heidi,Garcia,35,2023-11-21,heidi.garcia@example.com,-1903689002
EMP1458,Frank,Williams,30,2022-02-13,frank.williams@example.com,-102724054
EMP1459,Charlie,Williams,30,2023-03-19,charlie.williams@example.com,-9342967110
EMP1460,Alice,Johnson,30,2021-03-28,alice.johnson@example.com,-4837537457
EMP1461,Heidi,Jones,30,2021-05-02,heidi.jones@example.com,-4384588104
EMP1462,Bob,Miller,35,2021-03-05,bob.miller@example.com,-6974132833
EMP1463,Eva,Smith,25,2022-03-01,eva.smith@example.com,-8315203770
EMP1464,Charlie,Brown,40,2023-01-23,charlie.brown@example.com,-704496409
EMP1465,David,Davis,30,2021-08-26,david.davis@example.com,-4967066702
EMP1466,Bob,Garcia,25,2020-11-25,bob.garcia@example.com,-3626804084
EMP1467,Bob,Smith,35,2023-12-13,bob.smith@example.com,-954930595
EMP1470,Bob,Jones,25,2024-09-16,bob.jones@example.com,-4138459608
EMP1471,Alice,Garcia,40,2023-07-04,alice.garcia@example.com,-4544901494
EMP1472,Alice,Williams,30,2020-06-16,alice.williams@example.com,-4277070704
EMP1473,Grace,Brown,40,2020-07-05,grace.brown@example.com,-7836091497
EMP1474,Frank,Williams,40,2020-04-01,frank.williams@example.com,-5172444722
EMP1475,David,Garcia,35,2024-03-20,david.garcia@example.com,-2290310286
EMP1478,Grace,Smith,25,2024-06-27,grace.smith@example.com,-8133595615
EMP1479,Charlie,Brown,25,2021-03-09,charlie.brown@example.com,-4205955656
EMP1480,Grace,Brown,25,2024-08-11,grace.brown@example.com,-4902504289
EMP1481,Eva,Miller,35,2022-03-05,eva.miller@example.com,-1935889535
EMP1483,Bob,Miller,40,2023-04-19,bob.miller@example.com,-8681809787
EMP1484,Bob,Jones,25,2024-11-11,bob.jones@example.com,-7543943534
EMP1485,Grace,Miller,35,2023-03-17,grace.miller@example.com,-3751376514
EMP1486,Eva,Williams,40,2023-10-26,eva.williams@example.com,-8815793762
EMP1487,Frank,Brown,30,2021-07-04,frank.brown@example.com,-9283692943
EMP1488,Eva,Smith,35,2023-11-03,eva.smith@example.com,-5511668296
EMP1489,Charlie,Jones,35,2021-07-05,charlie.jones@example.com,-3270216486
EMP1490,Bob,Garcia,30,2024-02-26,bob.garcia@example.com,-1206021287
EMP1491,Frank,Jones,25,2021-09-29,frank.jones@example.com,-6652683414
EMP1492,Alice,Smith,30,2021-05-25,alice.smith@example.com,-5999101575
EMP1493,Frank,Miller,30,2022-10-31,frank.miller@example.com,-7647229811
EMP1494,Alice,Jones,30,2022-07-02,alice.jones@example.com,-995765727
EMP1495,Frank,Davis,35,2024-08-28,frank.davis@example.com,-9413475097
EMP1496,Grace,Williams,25,2024-10-21,grace.williams@example.com,-8986456521
EMP1497,David,Brown,35,2020-02-11,david.brown@example.com,-368499514
EMP1498,Alice,Smith,40,2023-05-16,alice.smith@example.com,-4214477323
EMP1499,Eva,Brown,35,2022-07-29,eva.brown@example.com,-4913421387
EMP1501,Eva,Jones,35,2020-05-10,eva.jones@example.com,-5349678273
EMP1502,Frank,Jones,35,2023-08-27,frank.jones@example.com,-1176741240
EMP1503,David,Garcia,25,2021-10-16,david.garcia@example.com,-5131528546
EMP1504,Heidi,Davis,35,2022-03-06,heidi.davis@example.com,-8150618537
EMP1505,David,Smith,35,2023-11-06,david.smith@example.com,-32963346
EMP1507,Heidi,Williams,30,2024-07-13,heidi.williams@example.com,-617893205
EMP1508,Frank,Garcia,25,2024-03-04,frank.garcia@example.com,-4969357823
EMP1509,Frank,Johnson,35,2022-08-07,frank.johnson@example.com,-3477695873
EMP1510,Bob,Smith,40,2024-11-11,bob.smith@example.com,-1314675360
EMP1511,Grace,Johnson,25,2021-12-02,grace.johnson@example.com,-2751562778
EMP1512,Heidi,Davis,30,2024-05-14,heidi.davis@example.com,-6304483607
EMP1513,Charlie,Miller,35,2022-07-14,charlie.miller@example.com,-5456676639
EMP1515,Grace,Williams,40,2020-03-18,grace.williams@example.com,-2831995297
EMP1516,Alice,Garcia,35,2023-10-17,alice.garcia@example.com,-61558107
EMP1517,David,Miller,35,2022-02-24,david.miller@example.com,-3583286341
EMP1518,Bob,Garcia,25,2024-01-30,bob.garcia@example.com,-5563830007
EMP1519,Grace,Johnson,30,2024-03-16,grace.johnson@example.com,-1867024402
EMP1520,Grace,Garcia,25,2020-09-25,grace.garcia@example.com,-3041662410
EMP1521,Charlie,Davis,25,2024-06-10,charlie.davis@example.com,-1860089218
EMP1523,Alice,Davis,25,2022-06-28,alice.davis@example.com,-7314976460
EMP1524,Heidi,Johnson,30,2023-07-14,heidi.johnson@example.com,-3684748835
EMP1528,Charlie,Johnson,25,2023-11-10,charlie.johnson@example.com,-6978930745
EMP1529,Alice,Johnson,25,2024-09-06,alice.johnson@example.com,-4520599603
EMP1531,Heidi,Garcia,35,2020-07-23,heidi.garcia@example.com,-8811616201
EMP1532,Eva,Smith,35,2024-02-21,eva.smith@example.com,-8123710671
EMP1533,Alice,Smith,25,2020-12-15,alice.smith@example.com,-8728660415
EMP1534,Eva,Williams,25,2020-08-21,eva.williams@example.com,-4485959223
EMP1535,Eva,Miller,40,2023-08-21,eva.miller@example.com,-8395894772
EMP1536,Charlie,Garcia,25,2023-04-24,charlie.garcia@example.com,-5228705621
EMP1537,Heidi,Davis,30,2023-06-06,heidi.davis@example.com,-7104331874
EMP1538,Charlie,Jones,40,2022-06-21,charlie.jones@example.com,-1097921582
EMP1539,Frank,Johnson,25,2024-04-20,frank.johnson@example.com,-5034469458
EMP1540,David,Davis,35,2023-12-05,david.davis@example.com,-6488319212
EMP1541,David,Johnson,40,2023-08-06,david.johnson@example.com,-4249128964
EMP1542,Alice,Williams,25,2024-10-04,alice.williams@example.com,-9994973202
EMP1543,Charlie,Johnson,25,2021-11-08,charlie.johnson@example.com,-3192227050
EMP1545,Heidi,Garcia,25,2020-08-31,heidi.garcia@example.com,-3866675484
EMP1546,Alice,Jones,25,2023-02-15,alice.jones@example.com,-8193242686
EMP1548,Alice,Johnson,30,2024-04-20,alice.johnson@example.com,-5639836519
EMP1549,Frank,Davis,40,2021-03-30,frank.davis@example.com,-3758309450
EMP1551,Charlie,Brown,40,2021-02-05,charlie.brown@example.com,-440907976
EMP1552,Grace,Jones,30,2021-11-23,grace.jones@example.com,-2781050921
EMP1553,Bob,Brown,40,2022-10-29,bob.brown@example.com,-2161070517
EMP1555,Charlie,Garcia,30,2023-05-14,charlie.garcia@example.com,-660138240
EMP1556,Grace,Garcia,40,2021-07-14,grace.garcia@example.com,-2704938619
EMP1557,Eva,Miller,40,2023-05-18,eva.miller@example.com,-4485157918
EMP1559,Eva,Miller,35,2023-08-24,eva.miller@example.com,-2035713431
EMP1560,Frank,Brown,25,2023-04-08,frank.brown@example.com,-4064242955
EMP1562,Alice,Davis,25,2021-08-09,alice.davis@example.com,-7595587208
EMP1563,Alice,Davis,35,2022-01-04,alice.davis@example.com,-6289365434
EMP1565,Alice,Johnson,40,2021-10-02,alice.johnson@example.com,-182727954
EMP1566,Eva,Johnson,30,2023-07-21,eva.johnson@example.com,-9690515025
EMP1567,David,Garcia,30,2023-10-30,david.garcia@example.com,-7551254277
EMP1568,Bob,Davis,40,2023-02-13,bob.davis@example.com,-2079799666
EMP1569,Eva,Davis,25,2020-11-13,eva.davis@example.com,-3459576402
EMP1572,Grace,Smith,25,2023-09-20,grace.smith@example.com,-142576269
EMP1574,Bob,Davis,35,2023-06-10,bob.davis@example.com,-1328507250
EMP1575,Alice,Miller,35,2021-06-09,alice.miller@example.com,-7863767315
EMP1578,Bob,Johnson,30,2024-11-06,bob.johnson@example.com,-5580996131
EMP1580,Charlie,Miller,25,2020-03-18,charlie.miller@example.com,-6244670461
EMP1585,Heidi,Davis,30,2024-03-09,heidi.davis@example.com,-2059438975
EMP1586,Eva,Miller,30,2023-08-19,eva.miller@example.com,-740177508
EMP1587,Charlie,Williams,25,2023-05-06,charlie.williams@example.com,-5465408423
EMP1588,Bob,Brown,35,2024-01-26,bob.brown@example.com,-5607540914
EMP1589,Charlie,Jones,30,2024-09-05,charlie.jones@example.com,-863218121
EMP1591,Bob,Garcia,30,2021-11-08,bob.garcia@example.com,-155029167
EMP1592,David,Jones,25,2021-01-31,david.jones@example.com,-1546602415
EMP1594,Charlie,Brown,25,2023-12-29,charlie.brown@example.com,-5973642479
EMP1595,Frank,Brown,30,2024-12-02,frank.brown@example.com,-9624406305
EMP1596,Eva,Jones,40,2023-08-15,eva.jones@example.com,-2447951329
EMP1600,Grace,Jones,30,2020-10-01,grace.jones@example.com,-917851384
EMP1601,Grace,Garcia,35,2021-05-04,grace.garcia@example.com,-4457702991
EMP1603,Charlie,Miller,40,2024-04-08,charlie.miller@example.com,-6826911632
EMP1604,Frank,Davis,30,2022-11-26,frank.davis@example.com,-1942268652
EMP1605,Heidi,Williams,40,2021-10-25,heidi.williams@example.com,-6945515887
EMP1606,Eva,Davis,35,2020-12-22,eva.davis@example.com,-6367747225
EMP1608,Frank,Brown,40,2022-10-24,frank.brown@example.com,-6630932997
EMP1609,David,Garcia,25,2021-03-09,david.garcia@example.com,-1996059328
EMP1610,Bob,Jones,30,2020-08-20,bob.jones@example.com,-7150968831
EMP1612,Charlie,Brown,30,2024-12-29,charlie.brown@example.com,-397739731
EMP1613,Eva,Johnson,30,2023-02-28,eva.johnson@example.com,-7819523709
EMP1614,Eva,Miller,25,2022-08-23,eva.miller@example.com,-687616480
EMP1616,Frank,Smith,40,2021-04-15,frank.smith@example.com,-6876112490
EMP1617,Alice,Garcia,30,2022-05-09,alice.garcia@example.com,-2565237340
EMP1618,Charlie,Davis,40,2024-12-02,charlie.davis@example.com,-5177345474
EMP1621,Heidi,Johnson,40,2024-04-08,heidi.johnson@example.com,-7742229463
EMP1622,Grace,Davis,30,2024-10-25,grace.davis@example.com,-3039429044
EMP1623,Grace,Johnson,35,2024-03-02,grace.johnson@example.com,-8867925297
EMP1625,Frank,Johnson,25,2023-04-13,frank.johnson@example.com,-6015343323
EMP1627,Heidi,Miller,30,2022-09-17,heidi.miller@example.com,-3506158147
EMP1628,Frank,Davis,40,2020-08-31,frank.davis@example.com,-8810798333
EMP1629,Charlie,Davis,25,2024-05-28,charlie.davis@example.com,-2337209483
EMP1630,Alice,Smith,30,2024-07-05,alice.smith@example.com,-1312840332
EMP1631,Grace,Brown,25,2022-01-29,grace.brown@example.com,-9977180512
EMP1632,Grace,Jones,40,2021-08-09,grace.jones@example.com,-7171731892
EMP1633,Charlie,Smith,40,2024-10-07,charlie.smith@example.com,-9749096172
EMP1634,Eva,Johnson,30,2022-11-22,eva.johnson@example.com,-9970469471
EMP1635,Alice,Johnson,35,2020-11-18,alice.johnson@example.com,-5878444834
EMP1637,Bob,Davis,25,2024-08-26,bob.davis@example.com,-8772216416
EMP1638,Frank,Johnson,35,2022-07-20,frank.johnson@example.com,-5823133483
EMP1639,Eva,Garcia,30,2023-02-18,eva.garcia@example.com,-5871493924
EMP1641,Heidi,Miller,30,2022-08-01,heidi.miller@example.com,-9643474523
EMP1642,Heidi,Garcia,25,2023-07-21,heidi.garcia@example.com,-5557469659
EMP1643,David,Smith,35,2023-01-02,david.smith@example.com,-6065274032
EMP1644,David,Garcia,35,2024-03-13,david.garcia@example.com,-4450566587
EMP1645,Charlie,Jones,40,2023-03-20,charlie.jones@example.com,-3398741131
EMP1646,David,Jones,40,2024-02-15,david.jones@example.com,-5797067348
EMP1647,David,Smith,30,2020-11-15,david.smith@example.com,-9601054856
EMP1648,Bob,Garcia,40,2020-03-27,bob.garcia@example.com,-4172156228
EMP1649,Frank,Jones,40,2021-01-09,frank.jones@example.com,-4938173597
EMP1650,Eva,Davis,40,2020-04-20,eva.davis@example.com,-4884021556
EMP1652,Heidi,Davis,35,2023-10-12,heidi.davis@example.com,-4902166669
EMP1653,Frank,Jones,35,2023-01-28,frank.jones@example.com,-8085096084
EMP1654,Frank,Miller,35,2021-03-07,frank.miller@example.com,-8749511917
EMP1655,Frank,Jones,40,2023-03-16,frank.jones@example.com,-1828197930
EMP1656,David,Davis,25,2023-02-11,david.davis@example.com,-6477251294
EMP1657,Charlie,Williams,30,2022-05-13,charlie.williams@example.com,-7860694095
EMP1658,Frank,Brown,40,2024-10-24,frank.brown@example.com,-35624394
EMP1659,Charlie,Johnson,25,2024-09-14,charlie.johnson@example.com,-8739592322
EMP1660,Frank,Garcia,35,2023-02-15,frank.garcia@example.com,-4210890284
EMP1661,Alice,Williams,40,2023-05-25,alice.williams@example.com,-1553334263
EMP1662,Charlie,Jones,35,2022-11-11,charlie.jones@example.com,-3350271606
EMP1663,Bob,Miller,40,2023-07-17,bob.miller@example.com,-3607763368
EMP1664,Frank,Smith,40,2022-04-08,frank.smith@example.com,-1128981230
EMP1665,Charlie,Jones,35,2023-08-30,charlie.jones@example.com,-7955633184
EMP1666,Grace,Miller,35,2023-04-17,grace.miller@example.com,-7481700665
EMP1667,Charlie,Brown,30,2021-04-25,charlie.brown@example.com,-1554164315
EMP1668,Bob,Jones,30,2020-07-14,bob.jones@example.com,-7045023289
EMP1669,Alice,Davis,25,2020-07-31,alice.davis@example.com,-2822700933
EMP1670,Grace,Smith,35,2021-08-04,grace.smith@example.com,-5962622821
EMP1671,Charlie,Miller,25,2024-10-28,charlie.miller@example.com,-5120734653
EMP1674,Eva,Brown,35,2024-07-06,eva.brown@example.com,-3161177686
EMP1675,Grace,Jones,35,2020-01-01,grace.jones@example.com,-2904774257
EMP1676,Charlie,Brown,35,2020-01-18,charlie.brown@example.com,-5917793237
EMP1678,Frank,Johnson,30,2022-03-19,frank.johnson@example.com,-3424579888
EMP1679,Grace,Johnson,40,2022-05-14,grace.johnson@example.com,-4256529059
EMP1680,Eva,Garcia,35,2024-07-14,eva.garcia@example.com,-3202032649
EMP1681,Bob,Jones,30,2023-07-28,bob.jones@example.com,-9775396736
EMP1682,Heidi,Davis,30,2020-04-11,heidi.davis@example.com,-9487148551
EMP1683,Bob,Brown,35,2022-06-16,bob.brown@example.com,-4578715840
EMP1684,Charlie,Smith,25,2022-05-10,charlie.smith@example.com,-5608213710
EMP1685,Frank,Miller,40,2020-06-13,frank.miller@example.com,-8425476817
EMP1686,Alice,Miller,35,2022-08-20,alice.miller@example.com,-2683230357
EMP1687,Eva,Jones,40,2021-05-24,eva.jones@example.com,-9298808582
EMP1688,David,Davis,25,2024-04-27,david.davis@example.com,-8252129327
EMP1689,David,Johnson,40,2021-10-23,david.johnson@example.com,-9634064685
EMP1690,Bob,Johnson,35,2021-02-10,bob.johnson@example.com,-7752401483
EMP1691,David,Miller,25,2021-10-26,david.miller@example.com,-3991062271
EMP1692,Bob,Jones,40,2023-04-05,bob.jones@example.com,-3626693350
EMP1693,Charlie,Brown,35,2022-10-20,charlie.brown@example.com,-3426192371
EMP1694,Alice,Johnson,25,2023-12-07,alice.johnson@example.com,-4501848196
EMP1695,Heidi,Brown,30,2024-03-29,heidi.brown@example.com,-3741897214
EMP1696,David,Davis,25,2024-01-23,david.davis@example.com,-4064176926
EMP1697,Heidi,Johnson,40,2023-11-28,heidi.johnson@example.com,-4381199536
EMP1698,Frank,Johnson,35,2024-11-11,frank.johnson@example.com,-6601444855
EMP1699,Charlie,Williams,25,2021-08-28,charlie.williams@example.com,-4510173972
EMP1702,Grace,Smith,30,2024-04-17,grace.smith@example.com,-3599660576
EMP1703,Frank,Garcia,40,2020-07-16,frank.garcia@example.com,-9806603919
EMP1704,Charlie,Jones,30,2022-09-21,charlie.jones@example.com,-5146074554
EMP1705,Grace,Jones,40,2023-04-23,grace.jones@example.com,-3470574237
EMP1706,Bob,Brown,25,2024-12-27,bob.brown@example.com,-8565271558
EMP1707,Alice,Garcia,35,2024-08-10,alice.garcia@example.com,-8354116596
EMP1709,Bob,Garcia,25,2022-02-28,bob.garcia@example.com,-2501394883
EMP1711,Frank,Johnson,40,2024-12-13,frank.johnson@example.com,-6425856260
EMP1713,Frank,Brown,35,2022-04-24,frank.brown@example.com,-2407333372
EMP1715,Eva,Garcia,35,2020-01-01,eva.garcia@example.com,-8936289695
EMP1717,Frank,Brown,25,2022-11-13,frank.brown@example.com,-1253892186
EMP1718,Charlie,Garcia,25,2020-11-15,charlie.garcia@example.com,-8519358373
EMP1719,David,Brown,30,2023-03-14,david.brown@example.com,-9079779611
EMP1720,Bob,Johnson,35,2024-08-18,bob.johnson@example.com,-878057214
EMP1722,Alice,Brown,35,2024-11-12,alice.brown@example.com,-3748453985
EMP1723,Alice,Smith,40,2020-03-25,alice.smith@example.com,-2895090590
EMP1726,Charlie,Williams,30,2023-03-16,charlie.williams@example.com,-6672521451
EMP1727,Eva,Williams,25,2024-05-03,eva.williams@example.com,-6471246334
EMP1729,David,Brown,30,2021-10-24,david.brown@example.com,-512080055
EMP1730,Bob,Williams,40,2021-01-25,bob.williams@example.com,-4099512396
EMP1731,Alice,Smith,35,2024-08-09,alice.smith@example.com,-2835129591
EMP1732,Charlie,Smith,40,2023-11-04,charlie.smith@example.com,-7282709080
EMP1733,Bob,Garcia,25,2023-06-25,bob.garcia@example.com,-4415298216
EMP1734,Eva,Johnson,25,2021-09-16,eva.johnson@example.com,-3929578670
EMP1736,Charlie,Brown,25,2022-12-14,charlie.brown@example.com,-507918157
EMP1737,Eva,Jones,30,2020-04-18,eva.jones@example.com,-9988683451
EMP1738,Bob,Jones,40,2024-10-11,bob.jones@example.com,-7346666169
EMP1739,Bob,Brown,25,2021-04-18,bob.brown@example.com,-7158796473
EMP1740,Bob,Davis,35,2020-06-29,bob.davis@example.com,-803149981
EMP1742,Heidi,Johnson,40,2021-12-11,heidi.johnson@example.com,-688285030
EMP1743,Eva,Jones,30,2023-07-05,eva.jones@example.com,-7235137398
EMP1745,Bob,Johnson,40,2024-11-22,bob.johnson@example.com,-6356022938
EMP1747,David,Davis,30,2024-06-26,david.davis@example.com,-6437490606
EMP1748,Charlie,Smith,40,2020-11-19,charlie.smith@example.com,-2311127127
EMP1749,Bob,Johnson,30,2020-03-01,bob.johnson@example.com,-5246484493
EMP1750,Grace,Garcia,40,2024-08-09,grace.garcia@example.com,-1163187327
EMP1751,Eva,Jones,30,2021-01-13,eva.jones@example.com,-771130620
EMP1753,Frank,Johnson,25,2022-10-25,frank.johnson@example.com,-8335090253
EMP1754,Frank,Johnson,30,2020-10-08,frank.johnson@example.com,-2573066247
EMP1755,Grace,Miller,25,2024-02-29,grace.miller@example.com,-1323570712
EMP1756,David,Johnson,25,2022-09-30,david.johnson@example.com,-9848228500
EMP1757,David,Williams,40,2024-02-14,david.williams@example.com,-1688092549
EMP1761,Alice,Johnson,30,2024-12-16,alice.johnson@example.com,-7278532425
EMP1762,Heidi,Jones,30,2020-04-21,heidi.jones@example.com,-4250642075
EMP1763,Heidi,Johnson,40,2020-08-19,heidi.johnson@example.com,-8362536666
EMP1764,Charlie,Jones,40,2020-02-21,charlie.jones@example.com,-7767555627
EMP1765,David,Williams,40,2023-11-17,david.williams@example.com,-3333939577
EMP1766,Charlie,Jones,25,2022-07-09,charlie.jones@example.com,-6543627186
EMP1769,Alice,Smith,40,2024-04-23,alice.smith@example.com,-9269326572
EMP1771,Heidi,Jones,40,2024-12-12,heidi.jones@example.com,-5155322
EMP1772,Heidi,Smith,40,2023-05-16,heidi.smith@example.com,-4159597751
EMP1774,Frank,Johnson,25,2023-03-29,frank.johnson@example.com,-9628874311
EMP1775,Bob,Jones,25,2020-11-26,bob.jones@example.com,-7102676719
EMP1776,Charlie,Smith,40,2020-03-14,charlie.smith@example.com,-9579927078
EMP1777,Frank,Garcia,40,2020-05-12,frank.garcia@example.com,-5515122945
EMP1778,Eva,Garcia,35,2021-03-05,eva.garcia@example.com,-2135415969
EMP1780,Eva,Smith,40,2022-12-12,eva.smith@example.com,-752034475
EMP1783,Bob,Brown,30,2020-04-03,bob.brown@example.com,-4655866524
EMP1784,David,Johnson,25,2021-07-30,david.johnson@example.com,-4837441714
EMP1786,Alice,Davis,30,2023-10-09,alice.davis@example.com,-2931100590
EMP1787,Alice,Garcia,30,2022-08-01,alice.garcia@example.com,-2975191022
EMP1788,Frank,Garcia,40,2024-09-06,frank.garcia@example.com,-1211063300
EMP1790,Frank,Miller,25,2021-11-25,frank.miller@example.com,-4907280122
EMP1792,Eva,Jones,35,2022-04-27,eva.jones@example.com,-3269496842
EMP1793,Frank,Brown,40,2021-09-11,frank.brown@example.com,-6453804420
EMP1794,Alice,Smith,30,2020-02-21,alice.smith@example.com,-175096169
EMP1795,Charlie,Davis,30,2024-11-24,charlie.davis@example.com,-1595919456
EMP1796,Charlie,Jones,25,2021-02-24,charlie.jones@example.com,-5757475832
EMP1797,Bob,Davis,25,2024-10-02,bob.davis@example.com,-9205677566
EMP1798,Heidi,Smith,25,2024-03-06,heidi.smith@example.com,-7722660255
EMP1799,Eva,Williams,30,2021-08-09,eva.williams@example.com,-2650622922
EMP1800,Heidi,Smith,25,2021-07-14,heidi.smith@example.com,-1067245306
EMP1801,Bob,Miller,30,2021-10-14,bob.miller@example.com,-6248433796
EMP1803,Heidi,Smith,25,2023-10-15,heidi.smith@example.com,-9423873669
EMP1804,Bob,Miller,40,2023-05-05,bob.miller@example.com,-4254969191
EMP1806,Bob,Garcia,40,2024-07-22,bob.garcia@example.com,-7563353573
EMP1807,Bob,Smith,40,2023-12-25,bob.smith@example.com,-8595325938
EMP1808,David,Miller,30,2022-03-13,david.miller@example.com,-9337970580
EMP1809,Frank,Jones,35,2020-05-13,frank.jones@example.com,-6295187793
EMP1810,Heidi,Williams,30,2023-03-22,heidi.williams@example.com,-1763425072
EMP1811,Bob,Williams,35,2024-06-10,bob.williams@example.com,-3055978244
EMP1812,Grace,Smith,30,2020-11-21,grace.smith@example.com,-7598339913
EMP1813,Frank,Brown,30,2024-05-25,frank.brown@example.com,-388436603
EMP1815,Heidi,Jones,25,2021-10-28,heidi.jones@example.com,-2768297513
EMP1816,Charlie,Smith,35,2020-08-10,charlie.smith@example.com,-7439742924
EMP1817,Grace,Williams,35,2020-05-05,grace.williams@example.com,-105875255
EMP1818,Alice,Brown,30,2022-12-24,alice.brown@example.com,-8065625903
EMP1819,Heidi,Smith,30,2021-09-05,heidi.smith@example.com,-5990802710
EMP1820,Eva,Davis,40,2023-04-08,eva.davis@example.com,-2218231554
EMP1822,Frank,Miller,25,2022-06-03,frank.miller@example.com,-6281372142
EMP1823,Frank,Davis,40,2023-01-21,frank.davis@example.com,-3080037002
EMP1824,Charlie,Garcia,30,2024-09-16,charlie.garcia@example.com,-3228556607
EMP1825,Charlie,Brown,30,2020-02-02,charlie.brown@example.com,-4706810389
EMP1826,Grace,Williams,30,2024-07-08,grace.williams@example.com,-3397051957
EMP1828,Frank,Davis,30,2020-01-16,frank.davis@example.com,-5862394534
EMP1830,Heidi,Jones,35,2023-11-15,heidi.jones@example.com,-3210613393
EMP1831,Eva,Jones,40,2024-12-27,eva.jones@example.com,-3945703942
EMP1833,Alice,Brown,40,2023-03-21,alice.brown@example.com,-5769277893
EMP1834,Eva,Smith,35,2023-05-08,eva.smith@example.com,-3191009003
EMP1835,Eva,Brown,25,2020-12-12,eva.brown@example.com,-476921052
EMP1839,Charlie,Jones,35,2021-01-05,charlie.jones@example.com,-7123166006
EMP1840,Frank,Davis,25,2024-09-11,frank.davis@example.com,-6762090143
EMP1841,Grace,Garcia,30,2023-07-29,grace.garcia@example.com,-7340433699
EMP1842,Frank,Smith,25,2020-04-17,frank.smith@example.com,-9687304518
EMP1843,Eva,Davis,40,2022-02-16,eva.davis@example.com,-5778255881
EMP1844,Eva,Jones,30,2021-08-14,eva.jones@example.com,-5562965753
EMP1847,Grace,Johnson,40,2024-02-12,grace.johnson@example.com,-9582923615
EMP1848,Frank,Davis,30,2023-10-09,frank.davis@example.com,-1880819047
EMP1849,Grace,Miller,25,2022-07-02,grace.miller@example.com,-2357155867
EMP1850,Eva,Davis,30,2020-07-07,eva.davis@example.com,-6395613722
EMP1853,Bob,Williams,40,2023-09-29,bob.williams@example.com,-2114716559
EMP1854,Charlie,Davis,25,2022-03-06,charlie.davis@example.com,-9456534698
EMP1855,Eva,Jones,30,2021-02-14,eva.jones@example.com,-7990707549
EMP1856,Heidi,Williams,25,2021-03-23,heidi.williams@example.com,-4768169956
EMP1857,Heidi,Williams,35,2020-05-24,heidi.williams@example.com,-607174810
EMP1858,Heidi,Johnson,25,2023-08-04,heidi.johnson@example.com,-3176539704
EMP1859,Grace,Davis,35,2022-03-12,grace.davis@example.com,-4873961028
EMP1860,Heidi,Brown,40,2024-05-18,heidi.brown@example.com,-871827495
EMP1861,David,Smith,25,2020-09-05,david.smith@example.com,-8049187273
EMP1862,Frank,Johnson,35,2020-04-23,frank.johnson@example.com,-2049561212
EMP1863,Bob,Johnson,35,2024-09-18,bob.johnson@example.com,-7730626041
EMP1864,David,Brown,30,2023-09-15,david.brown@example.com,-3597371121
EMP1865,Bob,Smith,35,2022-06-15,bob.smith@example.com,-2990775607
EMP1866,David,Jones,25,2022-09-28,david.jones@example.com,-5816704685
EMP1867,Eva,Miller,40,2020-03-16,eva.miller@example.com,-1114576831
EMP1868,Alice,Davis,40,2023-09-28,alice.davis@example.com,-1021923784
EMP1871,Alice,Garcia,35,2020-12-15,alice.garcia@example.com,-184980424
EMP1872,Bob,Johnson,25,2021-03-27,bob.johnson@example.com,-3733777311
EMP1873,Frank,Smith,40,2023-03-25,frank.smith@example.com,-6881228216
EMP1874,David,Johnson,25,2020-05-09,david.johnson@example.com,-8192365345
EMP1875,Grace,Williams,30,2020-12-03,grace.williams@example.com,-605603566
EMP1877,Heidi,Johnson,25,2020-07-01,heidi.johnson@example.com,-8471690617
EMP1878,Eva,Jones,40,2020-09-16,eva.jones@example.com,-1205464753
EMP1879,Heidi,Jones,40,2023-11-17,heidi.jones@example.com,-8954787697
EMP1881,David,Miller,25,2022-01-11,david.miller@example.com,-8914444982
EMP1882,David,Williams,40,2021-07-20,david.williams@example.com,-5539354357
EMP1883,Charlie,Garcia,40,2023-10-04,charlie.garcia@example.com,-6449639242
EMP1884,Frank,Garcia,35,2021-11-15,frank.garcia@example.com,-5885379820
EMP1885,Heidi,Jones,25,2023-01-05,heidi.jones@example.com,-4339527535
EMP1887,Grace,Miller,30,2021-04-16,grace.miller@example.com,-4168601346
EMP1888,Bob,Brown,30,2022-02-08,bob.brown@example.com,-7894896339
EMP1889,Heidi,Smith,25,2023-06-02,heidi.smith@example.com,-6791766511
EMP1890,Charlie,Davis,40,2022-01-04,charlie.davis@example.com,-2150014187
EMP1891,Charlie,Davis,25,2021-07-28,charlie.davis@example.com,-4216309000
EMP1892,Heidi,Smith,40,2024-12-20,heidi.smith@example.com,-5944633398
EMP1895,David,Brown,30,2021-03-31,david.brown@example.com,-9471136336
EMP1897,Alice,Brown,40,2024-07-16,alice.brown@example.com,-9967331166
EMP1898,Heidi,Davis,40,2024-03-22,heidi.davis@example.com,-7269608436
EMP1900,Eva,Jones,30,2024-03-10,eva.jones@example.com,-9352196262
EMP1901,Heidi,Brown,30,2024-06-05,heidi.brown@example.com,-3556434368
EMP1902,Alice,Miller,25,2022-12-23,alice.miller@example.com,-7093170694
EMP1904,Frank,Williams,25,2024-12-23,frank.williams@example.com,-5345472238
EMP1906,David,Johnson,30,2020-08-20,david.johnson@example.com,-2198041846
EMP1907,David,Williams,30,2022-10-28,david.williams@example.com,-2426423641
EMP1908,Bob,Davis,35,2022-10-23,bob.davis@example.com,-8131909247
EMP1909,Eva,Miller,40,2023-11-20,eva.miller@example.com,-7623039110
EMP1910,Bob,Williams,30,2022-03-11,bob.williams@example.com,-4281785227
EMP1911,Bob,Jones,25,2023-11-28,bob.jones@example.com,-2305248087
EMP1913,Charlie,Johnson,40,2024-02-19,charlie.johnson@example.com,-5947372131
EMP1914,Bob,Brown,25,2021-11-18,bob.brown@example.com,-9016204786
EMP1915,Frank,Miller,40,2022-12-21,frank.miller@example.com,-6886878598
EMP1917,Eva,Brown,25,2022-07-22,eva.brown@example.com,-1954196663
EMP1919,Charlie,Garcia,30,2021-10-10,charlie.garcia@example.com,-9246320373
EMP1920,Frank,Jones,30,2020-03-12,frank.jones@example.com,-7677537259
EMP1921,Charlie,Davis,35,2022-12-28,charlie.davis@example.com,-3214505765
EMP1922,Grace,Smith,40,2020-11-15,grace.smith@example.com,-1945887070
EMP1923,Frank,Davis,35,2023-09-27,frank.davis@example.com,-5534820127
EMP1924,Heidi,Smith,35,2022-09-07,heidi.smith@example.com,-4008385075
EMP1925,Bob,Williams,35,2024-09-18,bob.williams@example.com,-5975954507
EMP1926,Frank,Jones,25,2023-04-09,frank.jones@example.com,-9177680897
EMP1927,Eva,Brown,30,2024-10-05,eva.brown@example.com,-1265742230
EMP1929,Alice,Smith,35,2024-10-14,alice.smith@example.com,-3693626893
EMP1930,Alice,Davis,35,2022-07-01,alice.davis@example.com,-3012047136
EMP1931,Heidi,Brown,40,2024-07-08,heidi.brown@example.com,-2711759573
EMP1932,Grace,Smith,30,2020-10-21,grace.smith@example.com,-9885582983
EMP1933,Frank,Smith,25,2020-01-14,frank.smith@example.com,-9330674583
EMP1934,Grace,Garcia,30,2023-03-09,grace.garcia@example.com,-7609441282
EMP1935,Charlie,Smith,40,2020-03-27,charlie.smith@example.com,-3372188565
EMP1937,Eva,Jones,35,2020-09-11,eva.jones@example.com,-5066626704
EMP1938,Grace,Miller,30,2021-05-16,grace.miller@example.com,-5143776935
EMP1939,Heidi,Johnson,25,2023-04-05,heidi.johnson@example.com,-6343925294
EMP1941,Eva,Jones,30,2021-10-16,eva.jones@example.com,-7120072023
EMP1942,Frank,Garcia,30,2022-05-09,frank.garcia@example.com,-5591024509
EMP1943,Alice,Jones,35,2020-06-06,alice.jones@example.com,-9109032670
EMP1944,Charlie,Jones,25,2021-10-22,charlie.jones@example.com,-4949819420
EMP1945,Eva,Davis,35,2022-01-12,eva.davis@example.com,-7942817933
EMP1946,Charlie,Jones,25,2022-02-02,charlie.jones@example.com,-652775843
EMP1947,Charlie,Garcia,25,2021-03-28,charlie.garcia@example.com,-6634533721
EMP1949,Frank,Jones,35,2024-07-31,frank.jones@example.com,-1455937660
EMP1950,Frank,Williams,30,2024-03-04,frank.williams@example.com,-8943705262
EMP1951,Charlie,Brown,30,2020-09-23,charlie.brown@example.com,-5100462775
EMP1952,Bob,Jones,25,2020-03-28,bob.jones@example.com,-5725659201
EMP1954,Bob,Williams,25,2021-02-13,bob.williams@example.com,-9743260054
EMP1955,Bob,Williams,30,2021-12-13,bob.williams@example.com,-9550178331
EMP1957,David,Smith,30,2020-01-09,david.smith@example.com,-6079848703
EMP1959,Bob,Davis,30,2021-03-14,bob.davis@example.com,-3593744038
EMP1960,Frank,Smith,25,2020-10-05,frank.smith@example.com,-4640830372
EMP1964,Heidi,Davis,25,2023-09-10,heidi.davis@example.com,-1537012423
EMP1965,Grace,Smith,40,2024-02-27,grace.smith@example.com,-4626325143
EMP1966,Bob,Jones,35,2023-05-03,bob.jones@example.com,-8811210313
EMP1967,David,Miller,40,2024-04-15,david.miller@example.com,-2175188780
EMP1968,Eva,Miller,40,2023-05-20,eva.miller@example.com,-7941515262
EMP1969,Eva,Williams,30,2021-05-28,eva.williams@example.com,-8409112251
EMP1970,Charlie,Garcia,25,2024-08-27,charlie.garcia@example.com,-8837505660
EMP1971,Charlie,Davis,40,2020-11-08,charlie.davis@example.com,-8632397912
EMP1974,Grace,Brown,25,2024-10-12,grace.brown@example.com,-7121988191
EMP1975,Alice,Johnson,30,2024-12-16,alice.johnson@example.com,-7788519052
EMP1976,Charlie,Garcia,35,2024-04-13,charlie.garcia@example.com,-4864010423
EMP1977,Heidi,Garcia,40,2020-04-24,heidi.garcia@example.com,-6245618516
EMP1979,Charlie,Miller,35,2020-02-25,charlie.miller@example.com,-8991511454
EMP1980,Grace,Brown,25,2022-04-23,grace.brown@example.com,-1293913043
EMP1981,David,Garcia,30,2020-06-22,david.garcia@example.com,-8818984840
EMP1982,Eva,Brown,25,2023-01-07,eva.brown@example.com,-6046154020
EMP1984,Frank,Garcia,40,2023-03-18,frank.garcia@example.com,-1429831521
EMP1985,David,Johnson,35,2021-11-26,david.johnson@example.com,-9107322835
EMP1986,Grace,Brown,30,2024-09-17,grace.brown@example.com,-849378305
EMP1987,Eva,Brown,25,2024-07-05,eva.brown@example.com,-3963845268
EMP1989,Heidi,Garcia,40,2023-08-27,heidi.garcia@example.com,-7016934291
EMP1990,Eva,Johnson,40,2021-02-13,eva.johnson@example.com,-9132033015
EMP1992,Heidi,Johnson,30,2021-07-02,heidi.johnson@example.com,-1537221555
EMP1994,David,Brown,30,2024-09-24,david.brown@example.com,-3774604066
EMP1995,Bob,Jones,30,2023-08-16,bob.jones@example.com,-2007843613
EMP1996,David,Smith,40,2021-01-28,david.smith@example.com,-2442607818
EMP1997,Eva,Brown,40,2022-05-14,eva.brown@example.com,-7543734763
EMP1998,Charlie,Garcia,35,2024-06-05,charlie.garcia@example.com,-2737203762
EMP1999,Charlie,Williams,25,2020-04-23,charlie.williams@example.com,-8821458413
EMP2000,Charlie,Miller,25,2024-06-10,charlie.miller@example.com,-8460191343
EMP2001,Eva,Davis,30,2020-04-18,eva.davis@example.com,-3899827801
EMP2002,Bob,Smith,35,2020-06-29,bob.smith@example.com,-586950731
EMP2003,Frank,Smith,35,2023-02-15,frank.smith@example.com,-1464493698
EMP2004,Grace,Smith,25,2023-06-15,grace.smith@example.com,-9516793349
EMP2005,Frank,Jones,30,2022-03-19,frank.jones@example.com,-5573857367
EMP2007,Charlie,Jones,35,2022-07-14,charlie.jones@example.com,-6811872332
EMP2008,Grace,Brown,35,2022-03-12,grace.brown@example.com,-5104096148
EMP2010,Bob,Jones,35,2024-06-10,bob.jones@example.com,-8307482072
EMP2011,David,Jones,40,2022-09-21,david.jones@example.com,-6511893939
EMP2014,Grace,Jones,30,2021-05-16,grace.jones@example.com,-2470739200
EMP2016,David,Johnson,30,2021-11-07,david.johnson@example.com,-2508261122
EMP2017,Charlie,Williams,40,2023-10-04,charlie.williams@example.com,-1261632487
EMP2018,Alice,Garcia,30,2024-12-16,alice.garcia@example.com,-8995729892
EMP2019,Heidi,Jones,30,2021-02-22,heidi.jones@example.com,-7629745492
