Employee_ID,Dept_ID,Status,Salary,Performance_Score,Remote_Work
EMP1000,D01,Active,59767.65,Average,True
EMP1003,D02,Inactive,69450.99,Good,True
EMP1004,D03,Active,109324.61,Poor,False
EMP1005,D04,Inactive,88642.84,Good,False
EMP1007,D03,Inactive,94497.91,Average,True
EMP1008,D02,Inactive,115565.82,Excellent,True
EMP1010,D05,Active,72081.71,Average,False
EMP1012,D06,Active,89295.77,Excellent,False
EMP1014,D02,Active,97633.68,Excellent,True
EMP1015,D07,Pending,117975.49,Good,True
EMP1016,D08,Inactive,94867.33,Poor,False
EMP1017,D09,Pending,100377.65,Average,True
EMP1019,D10,Pending,91926.12,Average,True
EMP1020,D06,Active,111460.67,Excellent,True
EMP1021,D11,Active,96182.56,Good,False
EMP1022,D12,Inactive,115023.94,Average,True
EMP1023,D13,Pending,80667.01,Excellent,False
EMP1024,D14,Inactive,91181.61,Good,True
EMP1025,D15,Pending,66025.92,Average,False
EMP1026,D16,Inactive,83979.01,Average,False
EMP1027,D17,Active,56785.16,Excellent,True
EMP1028,D13,Active,95741.88,Excellent,False
EMP1029,D01,Active,63411.31,Excellent,True
EMP1030,D18,Inactive,111214.02,Good,True
EMP1031,D08,Active,114845.69,Excellent,True
EMP1032,D17,Active,78072.82,Average,False
EMP1033,D19,Inactive,79610.52,Average,False
EMP1034,D18,Active,90542.62,Excellent,True
EMP1035,D11,Inactive,114357.1,Excellent,True
EMP1037,D16,Pending,52781.92,Average,True
EMP1038,D02,Pending,66708.02,Good,True
EMP1039,D20,Active,93481.15,Poor,False
EMP1040,D16,Pending,59271.96,Excellent,True
EMP1041,D21,Active,108362.15,Excellent,False
EMP1045,D06,Pending,61310.74,Average,True
EMP1047,D12,Active,58921.19,Average,True
EMP1048,D02,Active,57195.55,Excellent,False
EMP1050,D05,Pending,104767.05,Excellent,False
EMP1051,D02,Active,111051.67,Good,False
EMP1052,D19,Inactive,105674.18,Good,False
EMP1053,D19,Inactive,54859.45,Average,False
EMP1055,D22,Active,91759.99,Excellent,True
EMP1056,D12,Active,112965.33,Good,False
EMP1057,D11,Pending,100360.1,Excellent,False
EMP1058,D09,Pending,93620.88,Good,False
EMP1059,D22,Pending,72832.8,Excellent,True
EMP1060,D13,Inactive,102369.42,Average,True
EMP1061,D04,Inactive,64712.79,Excellent,True
EMP1062,D17,Pending,85782.18,Excellent,True
EMP1063,D23,Pending,93348.26,Poor,False
EMP1064,D24,Active,53234.96,Good,False
EMP1065,D13,Pending,100284.21,Excellent,False
EMP1066,D02,Pending,112486.19,Excellent,True
EMP1067,D24,Pending,82518.49,Poor,True
EMP1068,D25,Pending,119152.47,Poor,True
EMP1070,D19,Active,94636.3,Poor,False
EMP1071,D26,Active,70000.97,Average,True
EMP1073,D17,Inactive,82614.7,Average,True
EMP1074,D27,Active,111645.97,Good,True
EMP1075,D21,Inactive,112414.91,Good,False
EMP1076,D18,Inactive,52031.74,Good,True
EMP1077,D28,Pending,51887.65,Good,False
EMP1078,D29,Active,82318.89,Good,True
EMP1079,D25,Inactive,103286.08,Average,False
EMP1080,D03,Active,87759.33,Average,False
EMP1081,D30,Pending,102796.32,Good,False
EMP1082,D16,Active,83149.27,Poor,True
EMP1083,D01,Inactive,92412.49,Excellent,True
EMP1084,D20,Pending,115022.1,Good,False
EMP1085,D31,Active,98343.01,Poor,False
EMP1086,D08,Active,118869.1,Excellent,True
EMP1088,D03,Inactive,112410.25,Good,True
EMP1089,D02,Pending,68905.77,Average,False
EMP1090,D13,Pending,72561.32,Excellent,True
EMP1091,D28,Inactive,92723.22,Excellent,True
EMP1092,D06,Inactive,74837.75,Poor,False
EMP1094,D32,Active,83326.52,Average,True
EMP1095,D33,Active,98425.1,Average,True
EMP1096,D12,Inactive,119764.2,Average,False
EMP1097,D21,Inactive,58445.91,Excellent,False
EMP1100,D34,Pending,98819.22,Good,False
EMP1101,D11,Inactive,83509.99,Average,False
EMP1102,D09,Active,84422.26,Average,False
EMP1103,D10,Inactive,119574.27,Average,True
EMP1105,D07,Inactive,93471.91,Poor,False
EMP1106,D31,Inactive,55683.12,Poor,True
EMP1107,D03,Inactive,91566.78,Good,True
EMP1108,D01,Pending,81782.19,Good,False
EMP1110,D34,Active,71532.83,Good,True
EMP1111,D03,Pending,98981.36,Good,True
EMP1112,D11,Active,80242.01,Good,True
EMP1113,D05,Pending,110236.18,Average,True
EMP1114,D04,Active,86327.47,Average,False
EMP1115,D07,Pending,84420.81,Average,False
EMP1116,D21,Pending,110041.32,Average,False
EMP1117,D29,Pending,81837.81,Good,True
EMP1118,D32,Active,110855.72,Poor,False
EMP1119,D22,Pending,84894.52,Excellent,True
EMP1120,D23,Active,80668.13,Good,True
EMP1121,D08,Active,61086.47,Excellent,True
EMP1122,D14,Inactive,95339.68,Poor,True
EMP1125,D19,Pending,107438.46,Good,True
EMP1127,D12,Inactive,115299.66,Good,True
EMP1129,D35,Active,117537.71,Excellent,False
EMP1130,D09,Pending,51074.33,Excellent,True
EMP1131,D19,Inactive,98489.32,Excellent,False
EMP1134,D15,Pending,57035.51,Poor,True
EMP1135,D33,Active,75092.43,Excellent,True
EMP1138,D36,Active,82567.73,Poor,True
EMP1139,D19,Pending,94725.71,Poor,False
EMP1140,D06,Inactive,83824.56,Poor,False
EMP1142,D27,Pending,113743.19,Good,True
EMP1143,D22,Active,63309.24,Good,False
EMP1144,D35,Active,105202.73,Excellent,True
EMP1145,D33,Inactive,79085.22,Good,True
EMP1147,D03,Active,102790.6,Good,False
EMP1149,D07,Pending,57584.23,Average,True
EMP1151,D29,Active,53174.28,Average,True
EMP1152,D05,Pending,77205.21,Average,False
EMP1155,D15,Inactive,113118.73,Average,False
EMP1156,D06,Active,107693.38,Average,True
EMP1158,D16,Pending,106913.71,Average,False
EMP1160,D14,Inactive,105190.21,Good,True
EMP1161,D20,Active,79467.24,Poor,False
EMP1162,D19,Pending,57633.78,Poor,True
EMP1164,D30,Inactive,113679.06,Poor,True
EMP1165,D16,Active,69251.12,Poor,True
EMP1166,D12,Inactive,85388.58,Poor,True
EMP1168,D13,Active,79873.48,Average,False
EMP1169,D29,Active,108224.03,Poor,True
EMP1170,D10,Active,116963.72,Average,True
EMP1171,D36,Inactive,114109.06,Average,True
EMP1173,D33,Pending,58041.97,Poor,True
EMP1174,D12,Pending,94988.94,Good,False
EMP1175,D18,Pending,71628.93,Excellent,False
EMP1176,D10,Pending,54870.98,Good,False
EMP1177,D08,Active,79388.27,Average,True
EMP1178,D01,Pending,55946.99,Average,False
EMP1180,D06,Pending,74162.1,Excellent,False
EMP1182,D06,Active,67886.37,Poor,False
EMP1183,D29,Active,76614.52,Good,True
EMP1184,D13,Active,51311.91,Excellent,False
EMP1186,D06,Pending,108241.81,Excellent,True
EMP1187,D05,Inactive,78031.49,Good,True
EMP1188,D18,Active,85733.83,Excellent,True
EMP1189,D36,Pending,60338.29,Excellent,False
EMP1190,D10,Active,103140.67,Excellent,False
EMP1191,D12,Inactive,114690.8,Poor,True
EMP1192,D25,Active,80954.56,Good,False
EMP1194,D20,Pending,118415.8,Good,True
EMP1195,D12,Pending,81481.36,Excellent,False
EMP1196,D07,Pending,117040.57,Good,True
EMP1197,D27,Active,67342.06,Good,True
EMP1199,D08,Active,94162.06,Average,True
EMP1200,D27,Inactive,67639.7,Excellent,True
EMP1201,D11,Pending,114172.25,Good,True
EMP1202,D27,Active,89124.54,Excellent,True
EMP1203,D35,Pending,113871.36,Average,False
EMP1205,D24,Active,70705.45,Good,False
EMP1206,D16,Pending,60797.69,Average,True
EMP1207,D03,Inactive,100371.0,Poor,True
EMP1208,D10,Active,117591.76,Good,False
EMP1209,D08,Inactive,103860.7,Average,True
EMP1210,D10,Active,67500.22,Average,True
EMP1212,D32,Active,80623.08,Excellent,True
EMP1213,D20,Inactive,77751.78,Excellent,False
EMP1214,D06,Active,115157.81,Good,False
EMP1215,D14,Inactive,83071.85,Poor,False
EMP1216,D04,Active,67914.67,Excellent,True
EMP1217,D06,Inactive,53342.46,Poor,False
EMP1218,D03,Pending,51150.47,Excellent,False
EMP1219,D26,Active,74697.12,Average,True
EMP1220,D22,Active,88085.74,Excellent,True
EMP1221,D09,Pending,118672.76,Poor,False
EMP1222,D33,Active,95997.31,Average,False
EMP1223,D33,Pending,106945.62,Average,False
EMP1224,D31,Active,100123.15,Average,False
EMP1225,D14,Active,52933.42,Poor,True
EMP1227,D20,Inactive,112264.06,Good,False
EMP1228,D25,Pending,75714.28,Good,True
EMP1229,D29,Active,92171.73,Poor,False
EMP1230,D34,Inactive,70694.8,Average,True
EMP1231,D29,Inactive,52964.86,Good,True
EMP1233,D27,Pending,116695.26,Good,False
EMP1234,D14,Active,95161.4,Excellent,False
EMP1237,D32,Inactive,58243.27,Average,False
EMP1238,D22,Pending,64012.48,Poor,True
EMP1239,D02,Inactive,106735.93,Average,True
EMP1240,D30,Pending,70325.36,Average,False
EMP1241,D23,Active,118959.28,Average,True
EMP1242,D33,Pending,75823.78,Average,False
EMP1244,D04,Active,94963.7,Good,False
EMP1245,D27,Pending,103744.71,Average,False
EMP1246,D16,Inactive,61337.69,Average,True
EMP1247,D22,Active,63741.13,Poor,True
EMP1248,D01,Pending,56539.99,Excellent,True
EMP1249,D08,Pending,73633.37,Good,True
EMP1250,D34,Pending,90373.99,Good,False
EMP1252,D02,Inactive,81748.09,Average,True
EMP1253,D17,Inactive,73813.48,Average,False
EMP1254,D28,Inactive,89315.59,Average,False
EMP1255,D26,Active,56776.82,Poor,False
EMP1257,D25,Pending,84913.18,Average,True
EMP1258,D32,Inactive,65060.11,Excellent,True
EMP1259,D32,Pending,82941.08,Poor,False
EMP1260,D18,Pending,103469.97,Good,True
EMP1261,D12,Active,88725.6,Average,True
EMP1263,D23,Inactive,60098.72,Excellent,True
EMP1265,D12,Active,115195.81,Good,True
EMP1269,D07,Active,94031.77,Excellent,True
EMP1270,D31,Active,116374.36,Excellent,False
EMP1271,D26,Active,98335.02,Excellent,False
EMP1272,D31,Pending,89262.07,Poor,True
EMP1274,D07,Active,69530.45,Poor,True
EMP1275,D31,Pending,84230.22,Good,True
EMP1276,D11,Pending,76578.59,Average,False
EMP1277,D20,Inactive,55532.06,Excellent,True
EMP1278,D24,Pending,115311.68,Excellent,True
EMP1279,D27,Pending,66972.06,Good,True
EMP1280,D34,Inactive,100215.06,Average,True
EMP1281,D16,Inactive,115452.25,Poor,False
EMP1282,D21,Inactive,54141.38,Average,False
EMP1284,D28,Pending,114822.78,Good,True
EMP1285,D12,Active,69919.32,Average,True
EMP1286,D07,Inactive,106616.97,Poor,False
EMP1287,D31,Active,73597.85,Poor,True
EMP1288,D27,Inactive,79939.23,Excellent,True
EMP1290,D19,Inactive,90772.25,Average,False
EMP1291,D31,Active,58275.74,Good,False
EMP1294,D08,Inactive,87626.24,Good,True
EMP1295,D08,Active,81272.36,Poor,False
EMP1297,D07,Active,64378.1,Poor,False
EMP1300,D04,Active,74117.02,Poor,False
EMP1301,D09,Inactive,62598.69,Average,True
EMP1302,D17,Inactive,55617.5,Excellent,True
EMP1303,D05,Pending,87018.98,Good,True
EMP1304,D33,Inactive,100336.58,Excellent,True
EMP1305,D25,Inactive,69295.48,Excellent,False
EMP1306,D29,Pending,115536.66,Excellent,True
EMP1307,D34,Pending,81250.87,Excellent,False
EMP1308,D30,Inactive,66403.75,Good,False
EMP1309,D22,Active,114147.79,Excellent,False
EMP1310,D06,Pending,65472.99,Good,False
EMP1312,D35,Inactive,86712.41,Average,True
EMP1313,D26,Active,87654.98,Poor,False
EMP1314,D31,Inactive,89367.02,Poor,False
EMP1315,D18,Active,95269.41,Good,True
EMP1316,D27,Active,68792.31,Average,False
EMP1317,D10,Pending,89119.53,Good,True
EMP1318,D05,Active,58212.13,Good,False
EMP1319,D08,Pending,77764.24,Good,True
EMP1320,D17,Pending,75148.17,Average,False
EMP1321,D15,Inactive,108781.18,Poor,False
EMP1322,D09,Pending,65489.19,Average,True
EMP1324,D16,Inactive,95822.56,Average,False
EMP1325,D35,Pending,82258.03,Average,True
EMP1326,D02,Pending,62883.34,Average,False
EMP1328,D31,Active,85401.3,Poor,True
EMP1331,D11,Active,63435.24,Poor,False
EMP1332,D09,Inactive,82129.84,Average,False
EMP1333,D30,Pending,95492.61,Good,False
EMP1334,D32,Inactive,94572.37,Good,False
EMP1335,D13,Inactive,118413.05,Poor,False
EMP1336,D02,Pending,68976.65,Poor,True
EMP1342,D18,Pending,80229.36,Excellent,False
EMP1343,D22,Active,55145.47,Good,False
EMP1345,D21,Active,56110.81,Good,False
EMP1346,D34,Inactive,56514.5,Average,False
EMP1347,D33,Inactive,104541.84,Good,False
EMP1349,D14,Active,69317.33,Good,False
EMP1350,D06,Pending,84706.17,Average,False
EMP1351,D18,Active,73255.21,Average,False
EMP1352,D26,Pending,59528.71,Poor,False
EMP1353,D06,Inactive,70401.37,Good,True
EMP1356,D19,Pending,107327.59,Poor,False
EMP1357,D02,Inactive,67687.72,Excellent,True
EMP1358,D03,Pending,90757.08,Good,True
EMP1360,D02,Pending,61643.69,Good,True
EMP1361,D09,Active,68111.69,Poor,False
EMP1362,D26,Inactive,97568.88,Average,True
EMP1363,D03,Active,79118.28,Poor,True
EMP1364,D21,Inactive,104898.9,Excellent,True
EMP1365,D03,Pending,81671.3,Poor,True
EMP1366,D33,Pending,97399.75,Excellent,False
EMP1368,D31,Active,96011.55,Average,True
EMP1369,D07,Inactive,99331.49,Excellent,False
EMP1371,D27,Inactive,77204.75,Good,True
EMP1372,D26,Pending,106961.68,Poor,False
EMP1374,D36,Active,77192.43,Excellent,False
EMP1375,D25,Pending,98540.3,Good,False
EMP1377,D03,Active,107065.12,Average,False
EMP1378,D29,Inactive,108792.43,Poor,True
EMP1380,D27,Inactive,85756.42,Average,True
EMP1382,D35,Active,111236.69,Excellent,True
EMP1383,D03,Active,106832.22,Good,True
EMP1385,D22,Pending,91780.04,Poor,True
EMP1386,D22,Pending,107062.66,Good,True
EMP1387,D36,Active,110625.52,Excellent,True
EMP1388,D29,Inactive,90419.79,Average,True
EMP1389,D09,Pending,111608.76,Good,True
EMP1390,D17,Inactive,50173.12,Poor,False
EMP1391,D35,Pending,109507.44,Good,False
EMP1392,D28,Inactive,72600.56,Excellent,False
EMP1394,D05,Inactive,50047.32,Good,False
EMP1395,D01,Active,115290.79,Poor,False
EMP1396,D33,Pending,61586.76,Excellent,False
EMP1397,D13,Active,56662.86,Average,True
EMP1399,D13,Active,54957.98,Excellent,True
EMP1400,D21,Inactive,76790.47,Excellent,True
EMP1401,D11,Pending,92722.35,Excellent,False
EMP1402,D35,Active,93125.32,Average,False
EMP1403,D05,Active,101100.64,Average,False
EMP1404,D24,Inactive,55897.41,Poor,False
EMP1405,D01,Active,92484.88,Good,True
EMP1406,D30,Active,77011.99,Average,True
EMP1408,D27,Active,82971.02,Good,False
EMP1409,D04,Active,65102.01,Average,True
EMP1411,D08,Pending,60687.63,Excellent,False
EMP1413,D29,Pending,66704.62,Poor,True
EMP1414,D32,Pending,71650.3,Poor,True
EMP1415,D15,Active,50794.54,Good,True
EMP1417,D33,Inactive,86669.79,Excellent,True
EMP1418,D32,Inactive,84972.7,Poor,True
EMP1419,D20,Pending,100594.49,Average,False
EMP1420,D05,Active,75478.35,Excellent,False
EMP1421,D27,Pending,79355.85,Good,False
EMP1422,D20,Pending,58358.07,Poor,True
EMP1423,D10,Active,54824.85,Average,False
EMP1424,D20,Pending,50557.84,Average,True
EMP1427,D15,Inactive,101665.79,Poor,True
EMP1429,D05,Pending,99059.28,Poor,False
EMP1431,D31,Active,68269.37,Excellent,False
EMP1432,D26,Inactive,55228.12,Poor,True
EMP1433,D05,Inactive,71982.33,Average,False
EMP1434,D19,Inactive,109673.75,Excellent,False
EMP1436,D04,Pending,68211.68,Good,False
EMP1437,D32,Pending,67489.68,Poor,False
EMP1438,D34,Active,63869.31,Good,False
EMP1440,D33,Active,115959.65,Excellent,True
EMP1441,D09,Inactive,79866.48,Excellent,True
EMP1442,D26,Active,92987.46,Excellent,True
EMP1443,D32,Inactive,56140.51,Average,False
EMP1444,D08,Active,119586.11,Average,True
EMP1445,D01,Inactive,104700.46,Good,True
EMP1446,D06,Active,91798.14,Good,False
EMP1447,D32,Inactive,90879.22,Good,False
EMP1448,D02,Active,87358.27,Poor,False
EMP1449,D07,Inactive,119407.93,Excellent,True
EMP1453,D07,Active,114252.73,Good,False
EMP1454,D31,Inactive,51533.9,Poor,True
EMP1455,D22,Active,99317.66,Poor,False
EMP1456,D21,Active,101264.64,Average,False
EMP1457,D02,Pending,112272.02,Poor,False
EMP1458,D08,Active,71477.63,Good,True
EMP1459,D30,Pending,77412.1,Poor,False
EMP1460,D22,Pending,94775.27,Average,False
EMP1461,D36,Active,74276.71,Excellent,True
EMP1462,D09,Inactive,67467.86,Good,True
EMP1463,D30,Active,80675.41,Excellent,False
EMP1464,D17,Inactive,76274.33,Average,False
EMP1465,D09,Active,51405.46,Average,True
EMP1466,D06,Inactive,101238.96,Average,True
EMP1467,D12,Inactive,52169.52,Excellent,False
EMP1470,D32,Pending,84366.38,Excellent,False
EMP1471,D33,Pending,92015.09,Average,True
EMP1472,D02,Inactive,83149.95,Average,False
EMP1473,D13,Inactive,94930.65,Good,False
EMP1474,D06,Inactive,68430.72,Good,True
EMP1475,D04,Active,98752.97,Excellent,False
EMP1478,D12,Pending,90003.98,Average,False
EMP1479,D28,Active,106592.25,Average,True
EMP1480,D29,Active,93905.83,Average,True
EMP1481,D30,Active,88945.49,Good,False
EMP1483,D24,Pending,90787.4,Average,False
EMP1484,D04,Inactive,87494.34,Average,True
EMP1485,D13,Inactive,92627.35,Average,False
EMP1486,D10,Pending,98556.29,Poor,True
EMP1487,D15,Inactive,112792.2,Good,True
EMP1488,D26,Pending,56875.22,Poor,False
EMP1489,D29,Inactive,101015.96,Poor,True
EMP1490,D28,Inactive,83912.22,Average,False
EMP1491,D16,Active,99669.86,Average,False
EMP1492,D24,Active,52314.97,Excellent,False
EMP1493,D21,Inactive,77785.96,Excellent,False
EMP1494,D26,Pending,62430.86,Poor,False
EMP1495,D18,Pending,98219.54,Good,True
EMP1496,D10,Active,65494.58,Average,True
EMP1497,D29,Pending,110524.1,Average,False
EMP1498,D02,Active,106060.54,Poor,False
EMP1499,D17,Inactive,67639.91,Excellent,True
EMP1501,D30,Inactive,73539.86,Excellent,True
EMP1502,D36,Pending,70915.38,Excellent,True
EMP1503,D07,Pending,97652.9,Excellent,False
EMP1504,D26,Inactive,101571.25,Excellent,False
EMP1505,D35,Active,87424.46,Average,True
EMP1507,D01,Pending,89132.22,Excellent,True
EMP1508,D18,Active,111000.26,Good,False
EMP1509,D23,Inactive,109584.97,Poor,True
EMP1510,D10,Active,97648.84,Good,False
EMP1511,D24,Active,78643.43,Good,True
EMP1512,D36,Active,55656.8,Good,True
EMP1513,D30,Active,69146.95,Excellent,False
EMP1515,D17,Active,87364.78,Good,False
EMP1516,D16,Active,50288.67,Excellent,False
EMP1517,D06,Active,85233.55,Good,True
EMP1518,D21,Inactive,86420.19,Good,False
EMP1519,D26,Inactive,63189.82,Excellent,False
EMP1520,D24,Pending,64783.32,Average,False
EMP1521,D36,Pending,52615.44,Average,False
EMP1523,D30,Inactive,76617.76,Excellent,True
EMP1524,D02,Pending,50651.32,Poor,False
EMP1528,D07,Active,115318.7,Excellent,False
EMP1529,D30,Active,90190.69,Poor,True
EMP1531,D26,Active,106922.49,Excellent,True
EMP1532,D01,Inactive,58113.07,Average,True
EMP1533,D02,Pending,73006.26,Poor,True
EMP1534,D21,Active,78054.43,Poor,True
EMP1535,D29,Inactive,112028.67,Excellent,False
EMP1536,D14,Inactive,83787.24,Good,True
EMP1537,D07,Inactive,52017.14,Average,True
EMP1538,D09,Inactive,53218.06,Average,False
EMP1539,D35,Pending,102053.67,Average,False
EMP1540,D12,Pending,93276.73,Average,False
EMP1541,D36,Pending,76941.36,Poor,True
EMP1542,D31,Pending,82850.23,Poor,False
EMP1543,D19,Active,117910.15,Good,False
EMP1545,D17,Inactive,118646.95,Average,False
EMP1546,D17,Active,88436.92,Excellent,False
EMP1548,D19,Pending,93383.06,Average,False
EMP1549,D34,Pending,50153.79,Good,True
EMP1551,D33,Pending,63128.04,Poor,False
EMP1552,D28,Pending,57543.6,Good,True
EMP1553,D13,Pending,59424.52,Good,False
EMP1555,D03,Pending,92431.25,Average,False
EMP1556,D27,Active,77850.9,Average,True
EMP1557,D24,Inactive,99001.0,Good,True
EMP1559,D31,Pending,118262.56,Average,True
EMP1560,D23,Inactive,89944.67,Poor,False
EMP1562,D18,Active,97837.32,Excellent,False
EMP1563,D10,Active,106981.84,Poor,True
EMP1565,D17,Pending,117608.32,Good,True
EMP1566,D07,Active,99324.03,Excellent,False
EMP1567,D26,Active,55212.83,Excellent,True
EMP1568,D03,Inactive,68496.77,Average,False
EMP1569,D26,Pending,52795.84,Poor,False
EMP1572,D06,Active,73231.85,Poor,False
EMP1574,D28,Pending,114302.51,Poor,False
EMP1575,D09,Inactive,87816.61,Poor,False
EMP1578,D35,Active,97978.36,Poor,True
EMP1580,D13,Inactive,56126.46,Poor,True
EMP1585,D16,Active,77369.48,Average,False
EMP1586,D36,Pending,76119.14,Good,False
EMP1587,D34,Pending,77585.72,Excellent,False
EMP1588,D02,Pending,74069.62,Good,False
EMP1589,D24,Pending,67691.92,Average,True
EMP1591,D08,Inactive,74999.69,Good,True
EMP1592,D23,Active,72245.02,Poor,True
EMP1594,D06,Active,101787.14,Good,False
EMP1595,D35,Inactive,83596.78,Average,False
EMP1596,D04,Active,92463.94,Average,True
EMP1600,D27,Inactive,82529.08,Excellent,True
EMP1601,D04,Pending,109358.73,Good,False
EMP1603,D20,Active,84134.95,Poor,True
EMP1604,D15,Active,113540.83,Good,True
EMP1605,D34,Pending,57225.75,Average,True
EMP1606,D12,Pending,76366.17,Excellent,False
EMP1608,D32,Active,111742.4,Average,True
EMP1609,D27,Inactive,60516.83,Good,False
EMP1610,D19,Pending,83706.17,Average,False
EMP1612,D08,Active,90058.85,Poor,False
EMP1613,D07,Pending,94633.59,Average,True
EMP1614,D25,Pending,110711.17,Excellent,True
EMP1616,D12,Active,76474.79,Excellent,True
EMP1617,D12,Pending,107855.99,Excellent,False
EMP1618,D12,Active,104870.78,Excellent,True
EMP1621,D23,Pending,108603.34,Excellent,False
EMP1622,D26,Active,55867.23,Excellent,False
EMP1623,D14,Pending,105259.57,Good,True
EMP1625,D25,Pending,67754.29,Average,True
EMP1627,D23,Pending,67764.44,Poor,False
EMP1628,D31,Pending,102346.99,Excellent,True
EMP1629,D10,Inactive,73690.65,Good,True
EMP1630,D13,Active,56376.2,Average,True
EMP1631,D33,Active,55602.78,Good,False
EMP1632,D27,Pending,99812.41,Good,False
EMP1633,D09,Active,95981.9,Average,True
EMP1634,D11,Pending,98891.48,Good,True
EMP1635,D02,Active,56079.0,Average,True
EMP1637,D22,Pending,89137.97,Average,False
EMP1638,D10,Active,115079.97,Excellent,True
EMP1639,D32,Active,55067.02,Poor,True
EMP1641,D26,Pending,112756.67,Average,True
EMP1642,D20,Inactive,105205.92,Poor,False
EMP1643,D19,Pending,50680.62,Average,True
EMP1644,D03,Pending,107475.23,Average,False
EMP1645,D21,Active,68835.3,Good,True
EMP1646,D31,Active,66943.96,Poor,True
EMP1647,D10,Inactive,104525.69,Excellent,False
EMP1648,D04,Pending,109360.74,Average,True
EMP1649,D22,Inactive,118907.63,Poor,False
EMP1650,D10,Active,86801.48,Good,False
EMP1652,D30,Active,64752.67,Poor,False
EMP1653,D22,Active,68399.43,Excellent,False
EMP1654,D25,Inactive,79336.51,Excellent,False
EMP1655,D26,Active,59179.74,Excellent,False
EMP1656,D01,Active,80255.31,Average,False
EMP1657,D09,Active,84971.85,Average,False
EMP1658,D21,Pending,89748.42,Good,False
EMP1659,D18,Inactive,94090.35,Good,False
EMP1660,D21,Pending,115229.12,Poor,True
EMP1661,D33,Pending,63927.07,Good,True
EMP1662,D21,Pending,84124.56,Excellent,False
EMP1663,D22,Inactive,116961.61,Excellent,True
EMP1664,D08,Pending,109423.05,Average,False
EMP1665,D18,Inactive,70394.94,Excellent,False
EMP1666,D19,Pending,86465.5,Poor,True
EMP1667,D05,Pending,96341.58,Excellent,False
EMP1668,D25,Active,54465.47,Excellent,False
EMP1669,D32,Active,68371.66,Poor,False
EMP1670,D24,Pending,81021.23,Good,False
EMP1671,D15,Inactive,114069.07,Good,True
EMP1674,D32,Active,56268.78,Excellent,False
EMP1675,D18,Active,86632.14,Poor,True
EMP1676,D26,Pending,98143.9,Excellent,False
EMP1678,D32,Inactive,67492.73,Excellent,True
EMP1679,D18,Active,93772.61,Poor,False
EMP1680,D35,Pending,68817.54,Excellent,False
EMP1681,D18,Active,81874.01,Good,True
EMP1682,D20,Active,117880.14,Average,False
EMP1683,D06,Pending,100897.49,Average,True
EMP1684,D28,Inactive,71810.37,Average,True
EMP1685,D30,Inactive,109048.24,Poor,False
EMP1686,D09,Pending,62712.26,Average,False
EMP1687,D34,Pending,76935.85,Good,True
EMP1688,D25,Pending,56577.22,Poor,True
EMP1689,D13,Inactive,61102.8,Good,True
EMP1690,D13,Inactive,75229.87,Excellent,True
EMP1691,D02,Inactive,51054.74,Excellent,False
EMP1692,D14,Active,104843.27,Excellent,False
EMP1693,D05,Active,56398.11,Excellent,False
EMP1694,D36,Active,87544.73,Good,False
EMP1695,D23,Pending,74312.24,Poor,False
EMP1696,D29,Inactive,59431.25,Poor,True
EMP1697,D22,Pending,84306.44,Average,False
EMP1698,D29,Inactive,108194.47,Good,False
EMP1699,D16,Inactive,107359.3,Excellent,False
EMP1702,D27,Inactive,88602.75,Average,True
EMP1703,D01,Active,86624.04,Good,True
EMP1704,D05,Active,63413.16,Good,True
EMP1705,D12,Pending,67915.7,Good,False
EMP1706,D02,Inactive,108245.44,Poor,True
EMP1707,D27,Inactive,75834.81,Excellent,True
EMP1709,D31,Pending,63262.23,Good,False
EMP1711,D35,Inactive,57287.17,Average,True
EMP1713,D22,Inactive,103492.91,Poor,False
EMP1715,D17,Inactive,100841.93,Poor,True
EMP1717,D01,Pending,88942.62,Average,False
EMP1718,D03,Inactive,59688.57,Average,False
EMP1719,D21,Active,77985.88,Average,True
EMP1720,D28,Inactive,112931.69,Poor,False
EMP1722,D26,Inactive,58437.84,Good,True
EMP1723,D33,Pending,72352.16,Average,True
EMP1726,D20,Inactive,102172.05,Poor,False
EMP1727,D32,Inactive,98850.94,Excellent,True
EMP1729,D33,Inactive,97931.66,Average,True
EMP1730,D19,Inactive,72451.69,Poor,True
EMP1731,D18,Pending,119311.14,Poor,True
EMP1732,D05,Active,76167.46,Good,False
EMP1733,D30,Active,114871.08,Average,False
EMP1734,D36,Active,81504.31,Excellent,False
EMP1736,D32,Pending,53043.74,Excellent,True
EMP1737,D08,Inactive,82547.26,Excellent,True
EMP1738,D01,Pending,113900.81,Average,True
EMP1739,D36,Inactive,118585.5,Average,True
EMP1740,D32,Pending,63049.22,Poor,True
EMP1742,D31,Active,97901.79,Average,True
EMP1743,D22,Active,68037.56,Average,False
EMP1745,D27,Pending,93786.72,Poor,False
EMP1747,D12,Pending,64161.72,Excellent,True
EMP1748,D02,Pending,72224.73,Average,False
EMP1749,D06,Pending,103580.45,Excellent,False
EMP1750,D26,Pending,112589.11,Average,False
EMP1751,D14,Active,51833.88,Average,True
EMP1753,D29,Active,109229.68,Poor,True
EMP1754,D17,Inactive,61465.05,Average,False
EMP1755,D26,Active,96993.74,Poor,False
EMP1756,D25,Pending,98150.39,Good,True
EMP1757,D09,Pending,107703.0,Average,False
EMP1761,D26,Inactive,71318.79,Poor,False
EMP1762,D19,Pending,98296.71,Poor,False
EMP1763,D15,Pending,62584.0,Good,False
EMP1764,D19,Inactive,62521.5,Average,True
EMP1765,D33,Inactive,95400.35,Poor,True
EMP1766,D34,Pending,94385.07,Poor,True
EMP1769,D21,Pending,117267.63,Good,False
EMP1771,D04,Pending,84542.68,Good,True
EMP1772,D17,Active,92007.15,Average,True
EMP1774,D14,Pending,108661.01,Poor,False
EMP1775,D03,Active,97046.33,Good,False
EMP1776,D08,Inactive,56518.84,Average,False
EMP1777,D03,Pending,70498.29,Good,True
EMP1778,D07,Pending,98708.06,Average,True
EMP1780,D22,Inactive,90259.99,Average,False
EMP1783,D07,Inactive,73365.46,Poor,False
EMP1784,D31,Pending,67809.23,Excellent,False
EMP1786,D18,Inactive,83537.58,Poor,False
EMP1787,D28,Pending,112444.08,Excellent,True
EMP1788,D13,Active,86475.13,Poor,True
EMP1790,D18,Active,118853.31,Good,False
EMP1792,D30,Inactive,56075.84,Average,True
EMP1793,D06,Pending,62250.89,Excellent,True
EMP1794,D03,Pending,105931.77,Poor,True
EMP1795,D26,Pending,86653.96,Average,True
EMP1796,D27,Active,100719.94,Good,False
EMP1797,D20,Pending,91600.13,Average,True
EMP1798,D11,Pending,71873.66,Good,True
EMP1799,D06,Active,69365.47,Average,True
EMP1800,D06,Active,58012.23,Average,True
EMP1801,D22,Pending,68973.65,Average,True
EMP1803,D14,Inactive,53531.92,Poor,True
EMP1804,D28,Pending,112389.31,Excellent,False
EMP1806,D16,Active,106164.53,Good,False
EMP1807,D36,Pending,103654.54,Poor,False
EMP1808,D22,Inactive,62834.72,Good,True
EMP1809,D17,Active,83273.41,Excellent,False
EMP1810,D21,Pending,58917.58,Good,False
EMP1811,D27,Active,71148.27,Excellent,True
EMP1812,D16,Pending,118172.42,Poor,True
EMP1813,D08,Inactive,118614.37,Average,False
EMP1815,D12,Inactive,88856.14,Good,True
EMP1816,D09,Pending,97985.61,Good,False
EMP1817,D13,Pending,56337.31,Poor,True
EMP1818,D31,Inactive,70405.23,Poor,True
EMP1819,D02,Inactive,89919.35,Excellent,True
EMP1820,D01,Active,50568.35,Good,True
EMP1822,D20,Active,99155.53,Poor,True
EMP1823,D17,Inactive,64785.13,Average,True
EMP1824,D07,Inactive,79206.48,Good,False
EMP1825,D34,Pending,60079.71,Average,True
EMP1826,D05,Pending,79109.88,Poor,False
EMP1828,D25,Pending,90455.7,Excellent,False
EMP1830,D11,Inactive,55604.42,Average,False
EMP1831,D04,Pending,92704.94,Excellent,False
EMP1833,D32,Inactive,101367.02,Excellent,False
EMP1834,D14,Pending,102459.77,Poor,False
EMP1835,D29,Pending,90100.2,Good,False
EMP1839,D31,Inactive,105956.04,Excellent,False
EMP1840,D10,Active,84716.38,Good,False
EMP1841,D29,Pending,61709.83,Good,True
EMP1842,D01,Active,61732.03,Average,True
EMP1843,D08,Active,97845.7,Good,True
EMP1844,D07,Active,114905.58,Poor,False
EMP1847,D35,Active,97032.29,Excellent,False
EMP1848,D23,Active,50593.33,Excellent,True
EMP1849,D04,Pending,74606.15,Good,True
EMP1850,D34,Pending,53981.73,Average,False
EMP1853,D26,Pending,103891.64,Good,True
EMP1854,D20,Inactive,73285.83,Good,True
EMP1855,D09,Inactive,92721.13,Poor,True
EMP1856,D10,Inactive,92977.64,Excellent,False
EMP1857,D34,Active,89994.12,Good,True
EMP1858,D28,Pending,50060.73,Poor,False
EMP1859,D02,Inactive,90224.82,Excellent,False
EMP1860,D17,Pending,106859.3,Good,False
EMP1861,D13,Inactive,89707.07,Good,False
EMP1862,D01,Inactive,94259.08,Excellent,True
EMP1863,D22,Active,82174.75,Excellent,False
EMP1864,D04,Inactive,63370.22,Excellent,False
EMP1865,D09,Pending,101472.69,Good,True
EMP1866,D08,Active,77213.73,Good,False
EMP1867,D07,Active,73749.96,Poor,True
EMP1868,D05,Pending,86618.37,Average,False
EMP1871,D03,Pending,108474.65,Good,True
EMP1872,D32,Pending,54417.71,Excellent,False
EMP1873,D20,Pending,88211.94,Average,False
EMP1874,D16,Inactive,58452.18,Excellent,True
EMP1875,D01,Pending,80706.28,Average,True
EMP1877,D34,Active,99471.89,Average,True
EMP1878,D29,Pending,64431.22,Poor,False
EMP1879,D24,Pending,52633.48,Good,False
EMP1881,D04,Pending,110391.17,Excellent,False
EMP1882,D35,Active,53714.83,Excellent,True
EMP1883,D28,Active,114587.11,Excellent,True
EMP1884,D25,Inactive,93177.35,Average,False
EMP1885,D15,Active,62312.13,Good,False
EMP1887,D35,Inactive,104528.27,Excellent,False
EMP1888,D29,Active,112395.56,Good,False
EMP1889,D28,Active,81849.36,Excellent,False
EMP1890,D31,Pending,118288.91,Poor,False
EMP1891,D08,Active,59555.1,Good,True
EMP1892,D18,Active,70661.31,Good,True
EMP1895,D26,Pending,112427.58,Good,True
EMP1897,D07,Inactive,105861.23,Good,True
EMP1898,D14,Pending,50869.61,Average,True
EMP1900,D29,Pending,90856.21,Average,True
EMP1901,D29,Active,111008.63,Excellent,True
EMP1902,D13,Inactive,52289.99,Poor,True
EMP1904,D27,Inactive,53609.38,Good,False
EMP1906,D06,Pending,95432.69,Excellent,True
EMP1907,D21,Inactive,97615.87,Average,False
EMP1908,D26,Inactive,86867.78,Poor,False
EMP1909,D22,Pending,106615.71,Average,False
EMP1910,D09,Active,112856.21,Poor,False
EMP1911,D18,Active,60356.78,Poor,True
EMP1913,D26,Inactive,95127.91,Average,False
EMP1914,D10,Pending,78818.42,Average,False
EMP1915,D27,Pending,108933.55,Poor,True
EMP1917,D18,Inactive,116934.97,Good,True
EMP1919,D14,Active,90216.76,Average,True
EMP1920,D10,Pending,96588.73,Average,True
EMP1921,D32,Active,71109.18,Poor,True
EMP1922,D25,Inactive,50300.6,Good,False
EMP1923,D19,Pending,60295.84,Good,False
EMP1924,D30,Pending,113012.21,Excellent,False
EMP1925,D03,Pending,65425.54,Poor,True
EMP1926,D27,Active,86850.37,Excellent,True
EMP1927,D34,Pending,81182.07,Good,True
EMP1929,D28,Pending,79934.83,Average,True
EMP1930,D21,Inactive,111201.12,Poor,False
EMP1931,D19,Active,100960.05,Average,False
EMP1932,D12,Active,64544.87,Average,True
EMP1933,D07,Active,78662.24,Poor,True
EMP1934,D07,Pending,102867.06,Average,True
EMP1935,D23,Inactive,107595.95,Excellent,True
EMP1937,D35,Inactive,95766.91,Average,True
EMP1938,D13,Pending,51990.98,Excellent,True
EMP1939,D27,Inactive,83634.01,Average,True
EMP1941,D04,Active,82273.08,Excellent,False
EMP1942,D33,Inactive,94537.3,Good,True
EMP1943,D23,Pending,85970.65,Good,True
EMP1944,D16,Pending,111071.02,Excellent,False
EMP1945,D35,Pending,56708.34,Excellent,False
EMP1946,D10,Inactive,104516.55,Excellent,False
EMP1947,D24,Pending,108210.15,Poor,True
EMP1949,D01,Active,80935.65,Excellent,False
EMP1950,D01,Active,107020.19,Excellent,False
EMP1951,D06,Active,118677.67,Excellent,False
EMP1952,D03,Inactive,63744.57,Average,False
EMP1954,D16,Pending,62934.73,Good,False
EMP1955,D01,Pending,74654.23,Excellent,True
EMP1957,D06,Pending,118150.59,Average,True
EMP1959,D26,Inactive,85997.57,Good,False
EMP1960,D09,Pending,84707.12,Excellent,False
EMP1964,D17,Pending,97356.31,Good,True
EMP1965,D08,Active,114770.32,Good,True
EMP1966,D18,Active,109082.07,Good,False
EMP1967,D29,Inactive,99944.57,Poor,True
EMP1968,D26,Pending,116509.72,Average,False
EMP1969,D09,Active,84253.9,Excellent,True
EMP1970,D15,Active,54776.01,Poor,False
EMP1971,D27,Inactive,71192.68,Average,False
EMP1974,D17,Inactive,76343.56,Excellent,False
EMP1975,D27,Inactive,99424.14,Excellent,False
EMP1976,D29,Inactive,57656.74,Good,True
EMP1977,D16,Pending,77396.94,Excellent,True
EMP1979,D36,Pending,103563.58,Excellent,True
EMP1980,D19,Inactive,74588.85,Average,False
EMP1981,D01,Pending,113727.23,Poor,False
EMP1982,D06,Active,72828.18,Good,False
EMP1984,D07,Inactive,56840.8,Poor,True
EMP1985,D32,Pending,61663.91,Average,True
EMP1986,D13,Active,109523.4,Poor,True
EMP1987,D23,Inactive,65812.02,Average,True
EMP1989,D18,Active,107661.73,Excellent,True
EMP1990,D08,Inactive,79002.0,Average,True
EMP1992,D35,Inactive,115601.4,Good,True
EMP1994,D35,Inactive,80477.21,Good,False
EMP1995,D19,Inactive,61240.9,Poor,True
EMP1996,D14,Active,51939.29,Excellent,True
EMP1997,D32,Inactive,95284.54,Good,False
EMP1998,D14,Inactive,106247.67,Excellent,True
EMP1999,D29,Active,110170.88,Poor,True
EMP2000,D36,Pending,52615.44,Average,True
EMP2001,D08,Inactive,82547.26,Average,False
EMP2002,D32,Pending,63049.22,Good,True
EMP2003,D21,Pending,115229.12,Excellent,True
EMP2004,D08,Pending,60687.63,Excellent,False
EMP2005,D32,Inactive,67492.73,Good,True
EMP2007,D30,Active,69146.95,Poor,False
EMP2008,D02,Inactive,90224.82,Good,True
EMP2010,D27,Active,71148.27,Average,False
EMP2011,D18,Inactive,52031.74,Excellent,True
EMP2014,D13,Pending,51990.98,Excellent,True
EMP2016,D34,Inactive,100215.06,Good,True
EMP2017,D28,Active,114587.11,Average,False
EMP2018,D26,Inactive,71318.79,Good,True
EMP2019,D08,Pending,77764.24,Average,False
